LATITUDE,LONGITUDE,probability
48.7389484253,2.2275013053,-0.19626816
48.7438423159,2.2275013053,-0.19626816
48.7487362065,2.2275013053,-0.19626816
48.7536300971,2.2275013053,-0.19626816
48.7585239877,2.2275013053,-0.19626816
48.7634178783,2.2275013053,-0.19626816
48.7683117689,2.2275013053,-0.24393515
48.7732056595,2.2275013053,-0.3311469
48.7780995501,2.2275013053,-0.32233563
48.7829934407,2.2275013053,-0.29556456
48.7878873313,2.2275013053,-0.26238492
48.7927812219,2.2275013053,-0.16847616
48.7976751125,2.2275013053,-0.072006956
48.8025690031,2.2275013053,-0.18843707
48.8074628937,2.2275013053,-0.025933884
48.8123567843,2.2275013053,0.17055674
48.8172506749,2.2275013053,0.3538833
48.8221445655,2.2275013053,0.40821344
48.8270384561,2.2275013053,0.86058503
48.8319323467,2.2275013053,0.71418047
48.8368262373,2.2275013053,0.37778494
48.8417201279,2.2275013053,0.8531822
48.8466140185,2.2275013053,1.1941401
48.8515079091,2.2275013053,3.2215175e-05
48.8564017997,2.2275013053,-0.1507132
48.8612956903,2.2275013053,-0.52139884
48.8661895809,2.2275013053,-0.680723
48.8710834715,2.2275013053,-0.44822192
48.8759773621,2.2275013053,-0.8478751
48.8808712527,2.2275013053,-1.5681565
48.8857651433,2.2275013053,-1.6838057
48.8906590339,2.2275013053,-1.6611321
48.8955529245,2.2275013053,-1.3440529
48.9004468151,2.2275013053,-1.1810427
48.9053407057,2.2275013053,-0.36492863
48.9102345963,2.2275013053,0.09501078
48.9151284869,2.2275013053,-0.044594973
48.9200223775,2.2275013053,0.017547337
48.9249162681,2.2275013053,-0.07873637
48.9298101587,2.2275013053,-0.10651531
48.9347040493,2.2275013053,-0.12828015
48.9395979399,2.2275013053,-0.12828015
48.9444918305,2.2275013053,-0.12828015
48.9493857211,2.2275013053,-0.09101537
48.9542796117,2.2275013053,-0.08940685
48.9591735023,2.2275013053,-0.08940685
48.9640673929,2.2275013053,-0.08940685
48.9689612835,2.2275013053,-0.08940685
48.9738551741,2.2275013053,-0.08940685
48.9787490647,2.2275013053,-0.08940685
48.7389484253,2.2323951959,-0.19626816
48.7438423159,2.2323951959,-0.19626816
48.7487362065,2.2323951959,-0.19626816
48.7536300971,2.2323951959,-0.19626816
48.7585239877,2.2323951959,-0.19626816
48.7634178783,2.2323951959,-0.19626816
48.7683117689,2.2323951959,-0.24393515
48.7732056595,2.2323951959,-0.3311469
48.7780995501,2.2323951959,-0.32233563
48.7829934407,2.2323951959,-0.29556456
48.7878873313,2.2323951959,-0.26238492
48.7927812219,2.2323951959,-0.16847616
48.7976751125,2.2323951959,-0.072006956
48.8025690031,2.2323951959,-0.18843707
48.8074628937,2.2323951959,-0.025933884
48.8123567843,2.2323951959,0.17055674
48.8172506749,2.2323951959,0.3538833
48.8221445655,2.2323951959,0.40821344
48.8270384561,2.2323951959,0.86058503
48.8319323467,2.2323951959,0.71418047
48.8368262373,2.2323951959,0.37778494
48.8417201279,2.2323951959,0.8531822
48.8466140185,2.2323951959,1.1941401
48.8515079091,2.2323951959,3.2215175e-05
48.8564017997,2.2323951959,-0.1507132
48.8612956903,2.2323951959,-0.52139884
48.8661895809,2.2323951959,-0.680723
48.8710834715,2.2323951959,-0.44822192
48.8759773621,2.2323951959,-0.8478751
48.8808712527,2.2323951959,-1.5681565
48.8857651433,2.2323951959,-1.6838057
48.8906590339,2.2323951959,-1.6611321
48.8955529245,2.2323951959,-1.3440529
48.9004468151,2.2323951959,-1.1810427
48.9053407057,2.2323951959,-0.36492863
48.9102345963,2.2323951959,0.09501078
48.9151284869,2.2323951959,-0.044594973
48.9200223775,2.2323951959,0.017547337
48.9249162681,2.2323951959,-0.07873637
48.9298101587,2.2323951959,-0.10651531
48.9347040493,2.2323951959,-0.12828015
48.9395979399,2.2323951959,-0.12828015
48.9444918305,2.2323951959,-0.12828015
48.9493857211,2.2323951959,-0.09101537
48.9542796117,2.2323951959,-0.08940685
48.9591735023,2.2323951959,-0.08940685
48.9640673929,2.2323951959,-0.08940685
48.9689612835,2.2323951959,-0.08940685
48.9738551741,2.2323951959,-0.08940685
48.9787490647,2.2323951959,-0.08940685
48.7389484253,2.2372890865,-0.19901343
48.7438423159,2.2372890865,-0.19901343
48.7487362065,2.2372890865,-0.19901343
48.7536300971,2.2372890865,-0.19901343
48.7585239877,2.2372890865,-0.19901343
48.7634178783,2.2372890865,-0.19901343
48.7683117689,2.2372890865,-0.24668048
48.7732056595,2.2372890865,-0.24510714
48.7780995501,2.2372890865,-0.23629595
48.7829934407,2.2372890865,-0.20952478
48.7878873313,2.2372890865,-0.17634527
48.7927812219,2.2372890865,-0.0824364
48.7976751125,2.2372890865,0.014032794
48.8025690031,2.2372890865,-0.102397315
48.8074628937,2.2372890865,0.060105857
48.8123567843,2.2372890865,0.25659645
48.8172506749,2.2372890865,0.43992293
48.8221445655,2.2372890865,0.494253
48.8270384561,2.2372890865,0.9466247
48.8319323467,2.2372890865,0.80022043
48.8368262373,2.2372890865,0.46382454
48.8417201279,2.2372890865,0.93922186
48.8466140185,2.2372890865,1.2801799
48.8515079091,2.2372890865,0.03894043
48.8564017997,2.2372890865,-0.11180509
48.8612956903,2.2372890865,-0.48249078
48.8661895809,2.2372890865,-0.6418149
48.8710834715,2.2372890865,-0.4945048
48.8759773621,2.2372890865,-0.82254
48.8808712527,2.2372890865,-1.5428214
48.8857651433,2.2372890865,-1.588917
48.8906590339,2.2372890865,-1.670336
48.8955529245,2.2372890865,-1.3532571
48.9004468151,2.2372890865,-1.1902466
48.9053407057,2.2372890865,-0.37413266
48.9102345963,2.2372890865,0.08580671
48.9151284869,2.2372890865,-0.053799096
48.9200223775,2.2372890865,0.008343247
48.9249162681,2.2372890865,-0.08794047
48.9298101587,2.2372890865,-0.11571943
48.9347040493,2.2372890865,-0.13748424
48.9395979399,2.2372890865,-0.13748424
48.9444918305,2.2372890865,-0.13748424
48.9493857211,2.2372890865,-0.100219466
48.9542796117,2.2372890865,-0.09550326
48.9591735023,2.2372890865,-0.09550326
48.9640673929,2.2372890865,-0.09550326
48.9689612835,2.2372890865,-0.09550326
48.9738551741,2.2372890865,-0.09550326
48.9787490647,2.2372890865,-0.09550326
48.7389484253,2.2421829771,-0.26185343
48.7438423159,2.2421829771,-0.26185343
48.7487362065,2.2421829771,-0.26185343
48.7536300971,2.2421829771,-0.26185343
48.7585239877,2.2421829771,-0.26185343
48.7634178783,2.2421829771,-0.26185343
48.7683117689,2.2421829771,-0.30952054
48.7732056595,2.2421829771,-0.30794722
48.7780995501,2.2421829771,-0.29913595
48.7829934407,2.2421829771,-0.27236477
48.7878873313,2.2421829771,-0.23918526
48.7927812219,2.2421829771,-0.14527647
48.7976751125,2.2421829771,-0.048807323
48.8025690031,2.2421829771,-0.16523741
48.8074628937,2.2421829771,-0.0027342108
48.8123567843,2.2421829771,-0.023285646
48.8172506749,2.2421829771,0.0005534313
48.8221445655,2.2421829771,0.35708332
48.8270384561,2.2421829771,0.56841457
48.8319323467,2.2421829771,0.42200992
48.8368262373,2.2421829771,0.08561439
48.8417201279,2.2421829771,0.5610112
48.8466140185,2.2421829771,0.90196925
48.8515079091,2.2421829771,-0.29406866
48.8564017997,2.2421829771,-0.5811192
48.8612956903,2.2421829771,-0.87403345
48.8661895809,2.2421829771,-1.0333569
48.8710834715,2.2421829771,-0.8562659
48.8759773621,2.2421829771,-0.66830194
48.8808712527,2.2421829771,-1.3885835
48.8857651433,2.2421829771,-1.4948725
48.8906590339,2.2421829771,-1.9824272
48.8955529245,2.2421829771,-1.5079081
48.9004468151,2.2421829771,-1.3448975
48.9053407057,2.2421829771,-0.58310276
48.9102345963,2.2421829771,-0.1231631
48.9151284869,2.2421829771,-0.2627689
48.9200223775,2.2421829771,-0.20062649
48.9249162681,2.2421829771,-0.29691014
48.9298101587,2.2421829771,-0.3595824
48.9347040493,2.2421829771,-0.38134733
48.9395979399,2.2421829771,-0.38134733
48.9444918305,2.2421829771,-0.22291815
48.9493857211,2.2421829771,-0.18565328
48.9542796117,2.2421829771,-0.18093714
48.9591735023,2.2421829771,-0.18093714
48.9640673929,2.2421829771,-0.18093714
48.9689612835,2.2421829771,-0.18093714
48.9738551741,2.2421829771,-0.18093714
48.9787490647,2.2421829771,-0.18093714
48.7389484253,2.2470768677,-0.3344385
48.7438423159,2.2470768677,-0.3344385
48.7487362065,2.2470768677,-0.3344385
48.7536300971,2.2470768677,-0.3344385
48.7585239877,2.2470768677,-0.3344385
48.7634178783,2.2470768677,-0.3344385
48.7683117689,2.2470768677,-0.38210556
48.7732056595,2.2470768677,-0.38053226
48.7780995501,2.2470768677,-0.371721
48.7829934407,2.2470768677,-0.3449499
48.7878873313,2.2470768677,-0.31177026
48.7927812219,2.2470768677,-0.21786144
48.7976751125,2.2470768677,-0.12139232
48.8025690031,2.2470768677,-0.17254251
48.8074628937,2.2470768677,0.06544464
48.8123567843,2.2470768677,0.04489322
48.8172506749,2.2470768677,0.58785254
48.8221445655,2.2470768677,0.9357186
48.8270384561,2.2470768677,0.93631184
48.8319323467,2.2470768677,0.6698383
48.8368262373,2.2470768677,0.2513251
48.8417201279,2.2470768677,0.7267224
48.8466140185,2.2470768677,1.06768
48.8515079091,2.2470768677,-0.14749706
48.8564017997,2.2470768677,-0.5439665
48.8612956903,2.2470768677,-0.8945333
48.8661895809,2.2470768677,-1.0538567
48.8710834715,2.2470768677,-0.8767657
48.8759773621,2.2470768677,-0.7318005
48.8808712527,2.2470768677,-1.4284769
48.8857651433,2.2470768677,-1.5428911
48.8906590339,2.2470768677,-2.1701472
48.8955529245,2.2470768677,-1.6956282
48.9004468151,2.2470768677,-1.3854169
48.9053407057,2.2470768677,-0.63968945
48.9102345963,2.2470768677,-0.17974947
48.9151284869,2.2470768677,-0.31935528
48.9200223775,2.2470768677,-0.2572129
48.9249162681,2.2470768677,-0.35349652
48.9298101587,2.2470768677,-0.416169
48.9347040493,2.2470768677,-0.43793386
48.9395979399,2.2470768677,-0.43793386
48.9444918305,2.2470768677,-0.27950457
48.9493857211,2.2470768677,-0.24223977
48.9542796117,2.2470768677,-0.23752363
48.9591735023,2.2470768677,-0.23752363
48.9640673929,2.2470768677,-0.23752363
48.9689612835,2.2470768677,-0.23752363
48.9738551741,2.2470768677,-0.23752363
48.9787490647,2.2470768677,-0.23752363
48.7389484253,2.2519707583,-0.32225525
48.7438423159,2.2519707583,-0.32225525
48.7487362065,2.2519707583,-0.32225525
48.7536300971,2.2519707583,-0.32225525
48.7585239877,2.2519707583,-0.32225525
48.7634178783,2.2519707583,-0.32225525
48.7683117689,2.2519707583,-0.36992237
48.7732056595,2.2519707583,-0.36834905
48.7780995501,2.2519707583,-0.35953784
48.7829934407,2.2519707583,-0.33276662
48.7878873313,2.2519707583,-0.29958704
48.7927812219,2.2519707583,-0.20567822
48.7976751125,2.2519707583,-0.1092091
48.8025690031,2.2519707583,-0.16035923
48.8074628937,2.2519707583,0.07762787
48.8123567843,2.2519707583,0.057076525
48.8172506749,2.2519707583,1.1675011
48.8221445655,2.2519707583,1.6467686
48.8270384561,2.2519707583,1.5805839
48.8319323467,2.2519707583,1.3141103
48.8368262373,2.2519707583,0.89559835
48.8417201279,2.2519707583,1.3709949
48.8466140185,2.2519707583,1.7119532
48.8515079091,2.2519707583,0.46226856
48.8564017997,2.2519707583,0.065799266
48.8612956903,2.2519707583,-0.2847675
48.8661895809,2.2519707583,-0.4440915
48.8710834715,2.2519707583,-0.267
48.8759773621,2.2519707583,-0.4322626
48.8808712527,2.2519707583,-1.1289388
48.8857651433,2.2519707583,-1.697757
48.8906590339,2.2519707583,-2.3250132
48.8955529245,2.2519707583,-1.9248942
48.9004468151,2.2519707583,-1.4234092
48.9053407057,2.2519707583,-0.6641882
48.9102345963,2.2519707583,-0.2042482
48.9151284869,2.2519707583,-0.34385398
48.9200223775,2.2519707583,-0.28171167
48.9249162681,2.2519707583,-0.3779953
48.9298101587,2.2519707583,-0.4406678
48.9347040493,2.2519707583,-0.46243268
48.9395979399,2.2519707583,-0.46243268
48.9444918305,2.2519707583,-0.3040031
48.9493857211,2.2519707583,-0.2667385
48.9542796117,2.2519707583,-0.26202238
48.9591735023,2.2519707583,-0.26202238
48.9640673929,2.2519707583,-0.26202238
48.9689612835,2.2519707583,-0.26202238
48.9738551741,2.2519707583,-0.26202238
48.9787490647,2.2519707583,-0.26202238
48.7389484253,2.2568646489,-0.32225525
48.7438423159,2.2568646489,-0.32225525
48.7487362065,2.2568646489,-0.32225525
48.7536300971,2.2568646489,-0.32225525
48.7585239877,2.2568646489,-0.32225525
48.7634178783,2.2568646489,-0.32225525
48.7683117689,2.2568646489,-0.36992237
48.7732056595,2.2568646489,-0.36834905
48.7780995501,2.2568646489,-0.35953784
48.7829934407,2.2568646489,-0.33276662
48.7878873313,2.2568646489,-0.29958704
48.7927812219,2.2568646489,-0.20567822
48.7976751125,2.2568646489,-0.1092091
48.8025690031,2.2568646489,-0.16035923
48.8074628937,2.2568646489,0.07762787
48.8123567843,2.2568646489,0.057076525
48.8172506749,2.2568646489,1.3852346
48.8221445655,2.2568646489,2.224646
48.8270384561,2.2568646489,2.2109108
48.8319323467,2.2568646489,1.9444364
48.8368262373,2.2568646489,1.525924
48.8417201279,2.2568646489,2.0013208
48.8466140185,2.2568646489,2.3422787
48.8515079091,2.2568646489,1.0925952
48.8564017997,2.2568646489,0.6961262
48.8612956903,2.2568646489,0.34555972
48.8661895809,2.2568646489,0.18623574
48.8710834715,2.2568646489,0.3633273
48.8759773621,2.2568646489,-0.024156244
48.8808712527,2.2568646489,-0.9385676
48.8857651433,2.2568646489,-1.5073862
48.8906590339,2.2568646489,-2.1346416
48.8955529245,2.2568646489,-1.7869723
48.9004468151,2.2568646489,-1.4234092
48.9053407057,2.2568646489,-0.6641882
48.9102345963,2.2568646489,-0.2042482
48.9151284869,2.2568646489,-0.34385398
48.9200223775,2.2568646489,-0.28171167
48.9249162681,2.2568646489,-0.3779953
48.9298101587,2.2568646489,-0.4406678
48.9347040493,2.2568646489,-0.46243268
48.9395979399,2.2568646489,-0.46243268
48.9444918305,2.2568646489,-0.3040031
48.9493857211,2.2568646489,-0.2667385
48.9542796117,2.2568646489,-0.26202238
48.9591735023,2.2568646489,-0.26202238
48.9640673929,2.2568646489,-0.26202238
48.9689612835,2.2568646489,-0.26202238
48.9738551741,2.2568646489,-0.26202238
48.9787490647,2.2568646489,-0.26202238
48.7389484253,2.2617585395,-0.3596809
48.7438423159,2.2617585395,-0.3596809
48.7487362065,2.2617585395,-0.3596809
48.7536300971,2.2617585395,-0.3596809
48.7585239877,2.2617585395,-0.3596809
48.7634178783,2.2617585395,-0.3596809
48.7683117689,2.2617585395,-0.407348
48.7732056595,2.2617585395,-0.40577477
48.7780995501,2.2617585395,-0.39696345
48.7829934407,2.2617585395,-0.3701923
48.7878873313,2.2617585395,-0.3370127
48.7927812219,2.2617585395,-0.24310388
48.7976751125,2.2617585395,-0.14663473
48.8025690031,2.2617585395,-0.1977849
48.8074628937,2.2617585395,0.040202197
48.8123567843,2.2617585395,-0.10776494
48.8172506749,2.2617585395,1.2203928
48.8221445655,2.2617585395,2.059805
48.8270384561,2.2617585395,2.4253037
48.8319323467,2.2617585395,2.1588292
48.8368262373,2.2617585395,1.7104294
48.8417201279,2.2617585395,2.185826
48.8466140185,2.2617585395,2.5267847
48.8515079091,2.2617585395,1.2771008
48.8564017997,2.2617585395,0.88063145
48.8612956903,2.2617585395,0.5300646
48.8661895809,2.2617585395,0.4447303
48.8710834715,2.2617585395,0.54251236
48.8759773621,2.2617585395,0.15503006
48.8808712527,2.2617585395,-1.1386153
48.8857651433,2.2617585395,-1.7074335
48.8906590339,2.2617585395,-2.3346896
48.8955529245,2.2617585395,-1.9870199
48.9004468151,2.2617585395,-1.6234578
48.9053407057,2.2617585395,-0.81081
48.9102345963,2.2617585395,-0.35086995
48.9151284869,2.2617585395,-0.490476
48.9200223775,2.2617585395,-0.42833352
48.9249162681,2.2617585395,-0.52461743
48.9298101587,2.2617585395,-0.58728975
48.9347040493,2.2617585395,-0.60905457
48.9395979399,2.2617585395,-0.60905457
48.9444918305,2.2617585395,-0.41202676
48.9493857211,2.2617585395,-0.33509544
48.9542796117,2.2617585395,-0.33037922
48.9591735023,2.2617585395,-0.33037922
48.9640673929,2.2617585395,-0.33037922
48.9689612835,2.2617585395,-0.33037922
48.9738551741,2.2617585395,-0.33037922
48.9787490647,2.2617585395,-0.33037922
48.7389484253,2.2666524301,-0.41814393
48.7438423159,2.2666524301,-0.41814393
48.7487362065,2.2666524301,-0.41814393
48.7536300971,2.2666524301,-0.41814393
48.7585239877,2.2666524301,-0.41814393
48.7634178783,2.2666524301,-0.41814393
48.7683117689,2.2666524301,-0.4658111
48.7732056595,2.2666524301,-0.46423778
48.7780995501,2.2666524301,-0.45542654
48.7829934407,2.2666524301,-0.42865536
48.7878873313,2.2666524301,-0.39547575
48.7927812219,2.2666524301,-0.30156684
48.7976751125,2.2666524301,-0.2050977
48.8025690031,2.2666524301,-0.25624788
48.8074628937,2.2666524301,-0.018260809
48.8123567843,2.2666524301,-0.16622794
48.8172506749,2.2666524301,1.1619297
48.8221445655,2.2666524301,2.1325226
48.8270384561,2.2666524301,2.734894
48.8319323467,2.2666524301,2.46842
48.8368262373,2.2666524301,2.0200183
48.8417201279,2.2666524301,2.4954166
48.8466140185,2.2666524301,2.836374
48.8515079091,2.2666524301,1.5866898
48.8564017997,2.2666524301,1.319532
48.8612956903,2.2666524301,0.9689652
48.8661895809,2.2666524301,0.92531544
48.8710834715,2.2666524301,1.0025479
48.8759773621,2.2666524301,0.61506456
48.8808712527,2.2666524301,-0.6785801
48.8857651433,2.2666524301,-1.5051565
48.8906590339,2.2666524301,-2.132412
48.8955529245,2.2666524301,-2.150925
48.9004468151,2.2666524301,-1.7873617
48.9053407057,2.2666524301,-0.848138
48.9102345963,2.2666524301,-0.3881981
48.9151284869,2.2666524301,-0.527804
48.9200223775,2.2666524301,-0.46566162
48.9249162681,2.2666524301,-0.56194544
48.9298101587,2.2666524301,-0.62461776
48.9347040493,2.2666524301,-0.64638263
48.9395979399,2.2666524301,-0.64638263
48.9444918305,2.2666524301,-0.44935492
48.9493857211,2.2666524301,-0.3724235
48.9542796117,2.2666524301,-0.3677074
48.9591735023,2.2666524301,-0.3677074
48.9640673929,2.2666524301,-0.3677074
48.9689612835,2.2666524301,-0.3677074
48.9738551741,2.2666524301,-0.3677074
48.9787490647,2.2666524301,-0.3677074
48.7389484253,2.2715463207,-0.5371612
48.7438423159,2.2715463207,-0.5371612
48.7487362065,2.2715463207,-0.5371612
48.7536300971,2.2715463207,-0.5371612
48.7585239877,2.2715463207,-0.5371612
48.7634178783,2.2715463207,-0.5371612
48.7683117689,2.2715463207,-0.58482826
48.7732056595,2.2715463207,-0.58325493
48.7780995501,2.2715463207,-0.57444376
48.7829934407,2.2715463207,-0.54767257
48.7878873313,2.2715463207,-0.514493
48.7927812219,2.2715463207,-0.42058408
48.7976751125,2.2715463207,-0.3241148
48.8025690031,2.2715463207,-0.375265
48.8074628937,2.2715463207,-0.1372779
48.8123567843,2.2715463207,-0.285245
48.8172506749,2.2715463207,0.9174036
48.8221445655,2.2715463207,2.232277
48.8270384561,2.2715463207,2.834649
48.8319323467,2.2715463207,2.795242
48.8368262373,2.2715463207,2.3468406
48.8417201279,2.2715463207,2.8222382
48.8466140185,2.2715463207,3.1631958
48.8515079091,2.2715463207,1.9135102
48.8564017997,2.2715463207,1.7745061
48.8612956903,2.2715463207,1.1985797
48.8661895809,2.2715463207,1.1549302
48.8710834715,2.2715463207,1.4663053
48.8759773621,2.2715463207,1.539061
48.8808712527,2.2715463207,0.24541518
48.8857651433,2.2715463207,-1.0952274
48.8906590339,2.2715463207,-1.4971226
48.8955529245,2.2715463207,-1.7818279
48.9004468151,2.2715463207,-1.6351721
48.9053407057,2.2715463207,-0.8918584
48.9102345963,2.2715463207,-0.4319185
48.9151284869,2.2715463207,-0.5715244
48.9200223775,2.2715463207,-0.509382
48.9249162681,2.2715463207,-0.6056658
48.9298101587,2.2715463207,-0.6683381
48.9347040493,2.2715463207,-0.69010293
48.9395979399,2.2715463207,-0.69010293
48.9444918305,2.2715463207,-0.4930753
48.9493857211,2.2715463207,-0.41614383
48.9542796117,2.2715463207,-0.4114277
48.9591735023,2.2715463207,-0.4114277
48.9640673929,2.2715463207,-0.4114277
48.9689612835,2.2715463207,-0.4114277
48.9738551741,2.2715463207,-0.4114277
48.9787490647,2.2715463207,-0.4114277
48.7389484253,2.2764402113,-0.34104937
48.7438423159,2.2764402113,-0.34104937
48.7487362065,2.2764402113,-0.34104937
48.7536300971,2.2764402113,-0.34104937
48.7585239877,2.2764402113,-0.34104937
48.7634178783,2.2764402113,-0.34104937
48.7683117689,2.2764402113,-0.38871658
48.7732056595,2.2764402113,-0.38714325
48.7780995501,2.2764402113,-0.37833196
48.7829934407,2.2764402113,-0.35156077
48.7878873313,2.2764402113,-0.3183812
48.7927812219,2.2764402113,-0.22447233
48.7976751125,2.2764402113,-0.12800315
48.8025690031,2.2764402113,-0.1791534
48.8074628937,2.2764402113,0.058833625
48.8123567843,2.2764402113,-0.2270988
48.8172506749,2.2764402113,0.66766214
48.8221445655,2.2764402113,2.323627
48.8270384561,2.2764402113,2.9289172
48.8319323467,2.2764402113,2.8302763
48.8368262373,2.2764402113,2.2871268
48.8417201279,2.2764402113,2.969262
48.8466140185,2.2764402113,3.3102195
48.8515079091,2.2764402113,2.0605335
48.8564017997,2.2764402113,1.9587862
48.8612956903,2.2764402113,1.3550386
48.8661895809,2.2764402113,1.311389
48.8710834715,2.2764402113,1.8244011
48.8759773621,2.2764402113,1.8971543
48.8808712527,2.2764402113,0.9821988
48.8857651433,2.2764402113,-0.5633243
48.8906590339,2.2764402113,-0.96522015
48.8955529245,2.2764402113,-1.3080091
48.9004468151,2.2764402113,-1.4657184
48.9053407057,2.2764402113,-0.9205866
48.9102345963,2.2764402113,-0.46064657
48.9151284869,2.2764402113,-0.60025245
48.9200223775,2.2764402113,-0.5381101
48.9249162681,2.2764402113,-0.63439375
48.9298101587,2.2764402113,-0.6970662
48.9347040493,2.2764402113,-0.7188311
48.9395979399,2.2764402113,-0.7188311
48.9444918305,2.2764402113,-0.5218034
48.9493857211,2.2764402113,-0.44487205
48.9542796117,2.2764402113,-0.44015586
48.9591735023,2.2764402113,-0.44015586
48.9640673929,2.2764402113,-0.44015586
48.9689612835,2.2764402113,-0.44015586
48.9738551741,2.2764402113,-0.44015586
48.9787490647,2.2764402113,-0.44015586
48.7389484253,2.2813341019,-0.34104937
48.7438423159,2.2813341019,-0.34104937
48.7487362065,2.2813341019,-0.34104937
48.7536300971,2.2813341019,-0.34104937
48.7585239877,2.2813341019,-0.34104937
48.7634178783,2.2813341019,-0.34104937
48.7683117689,2.2813341019,-0.38871658
48.7732056595,2.2813341019,-0.38714325
48.7780995501,2.2813341019,-0.37833196
48.7829934407,2.2813341019,-0.35156077
48.7878873313,2.2813341019,-0.3183812
48.7927812219,2.2813341019,-0.22447233
48.7976751125,2.2813341019,-0.12800315
48.8025690031,2.2813341019,-0.1791534
48.8074628937,2.2813341019,0.058833625
48.8123567843,2.2813341019,-1.0054697
48.8172506749,2.2813341019,-0.11070899
48.8221445655,2.2813341019,1.5840977
48.8270384561,2.2813341019,2.1893888
48.8319323467,2.2813341019,2.269469
48.8368262373,2.2813341019,1.7263201
48.8417201279,2.2813341019,2.4292684
48.8466140185,2.2813341019,2.9213047
48.8515079091,2.2813341019,1.671619
48.8564017997,2.2813341019,1.5698723
48.8612956903,2.2813341019,0.9661243
48.8661895809,2.2813341019,1.8056628
48.8710834715,2.2813341019,2.1944864
48.8759773621,2.2813341019,2.4989815
48.8808712527,2.2813341019,1.3950896
48.8857651433,2.2813341019,-0.23657665
48.8906590339,2.2813341019,-0.8571395
48.8955529245,2.2813341019,-1.1999289
48.9004468151,2.2813341019,-1.3695089
48.9053407057,2.2813341019,-0.89977294
48.9102345963,2.2813341019,-0.43983305
48.9151284869,2.2813341019,-0.5794388
48.9200223775,2.2813341019,-0.51729643
48.9249162681,2.2813341019,-0.6135801
48.9298101587,2.2813341019,-0.67625254
48.9347040493,2.2813341019,-0.69801736
48.9395979399,2.2813341019,-0.69801736
48.9444918305,2.2813341019,-0.50098985
48.9493857211,2.2813341019,-0.4240584
48.9542796117,2.2813341019,-0.4193423
48.9591735023,2.2813341019,-0.4193423
48.9640673929,2.2813341019,-0.4193423
48.9689612835,2.2813341019,-0.4193423
48.9738551741,2.2813341019,-0.4193423
48.9787490647,2.2813341019,-0.4193423
48.7389484253,2.2862279925,-0.30978665
48.7438423159,2.2862279925,-0.30978665
48.7487362065,2.2862279925,-0.30978665
48.7536300971,2.2862279925,-0.30978665
48.7585239877,2.2862279925,-0.30978665
48.7634178783,2.2862279925,-0.30978665
48.7683117689,2.2862279925,-0.348551
48.7732056595,2.2862279925,-0.33548206
48.7780995501,2.2862279925,-0.3266708
48.7829934407,2.2862279925,-0.29989964
48.7878873313,2.2862279925,-0.24410987
48.7927812219,2.2862279925,-0.12660003
48.7976751125,2.2862279925,-0.054679513
48.8025690031,2.2862279925,0.06726555
48.8074628937,2.2862279925,0.41004452
48.8123567843,2.2862279925,-0.59464943
48.8172506749,2.2862279925,0.23790327
48.8221445655,2.2862279925,1.9327124
48.8270384561,2.2862279925,2.6240935
48.8319323467,2.2862279925,2.7041733
48.8368262373,2.2862279925,2.1610224
48.8417201279,2.2862279925,2.8639717
48.8466140185,2.2862279925,3.3560076
48.8515079091,2.2862279925,2.2245517
48.8564017997,2.2862279925,2.1228042
48.8612956903,2.2862279925,2.1428525
48.8661895809,2.2862279925,2.4221022
48.8710834715,2.2862279925,2.9052072
48.8759773621,2.2862279925,3.2097027
48.8808712527,2.2862279925,2.3219433
48.8857651433,2.2862279925,0.85405236
48.8906590339,2.2862279925,-0.1496629
48.8955529245,2.2862279925,-0.017957324
48.9004468151,2.2862279925,-1.0459512
48.9053407057,2.2862279925,-0.56665426
48.9102345963,2.2862279925,-0.13942656
48.9151284869,2.2862279925,-0.21299769
48.9200223775,2.2862279925,-0.29011783
48.9249162681,2.2862279925,-0.40749523
48.9298101587,2.2862279925,-0.47016737
48.9347040493,2.2862279925,-0.49193236
48.9395979399,2.2862279925,-0.51643896
48.9444918305,2.2862279925,-0.31941146
48.9493857211,2.2862279925,-0.2424801
48.9542796117,2.2862279925,-0.25450534
48.9591735023,2.2862279925,-0.25450534
48.9640673929,2.2862279925,-0.25450534
48.9689612835,2.2862279925,-0.25450534
48.9738551741,2.2862279925,-0.25450534
48.9787490647,2.2862279925,-0.25450534
48.7389484253,2.2911218831,-0.3967226
48.7438423159,2.2911218831,-0.3967226
48.7487362065,2.2911218831,-0.3967226
48.7536300971,2.2911218831,-0.3967226
48.7585239877,2.2911218831,-0.3967226
48.7634178783,2.2911218831,-0.3967226
48.7683117689,2.2911218831,-0.43548697
48.7732056595,2.2911218831,-0.4224181
48.7780995501,2.2911218831,-0.41360688
48.7829934407,2.2911218831,-0.38683566
48.7878873313,2.2911218831,-0.33104584
48.7927812219,2.2911218831,-0.213536
48.7976751125,2.2911218831,-0.14161538
48.8025690031,2.2911218831,-0.019670393
48.8074628937,2.2911218831,0.32310852
48.8123567843,2.2911218831,-0.6815854
48.8172506749,2.2911218831,0.27643162
48.8221445655,2.2911218831,1.9712406
48.8270384561,2.2911218831,2.6626213
48.8319323467,2.2911218831,2.7427015
48.8368262373,2.2911218831,2.1995513
48.8417201279,2.2911218831,3.2075531
48.8466140185,2.2911218831,3.69959
48.8515079091,2.2911218831,2.615996
48.8564017997,2.2911218831,2.5142493
48.8612956903,2.2911218831,2.5342977
48.8661895809,2.2911218831,4.200557
48.8710834715,2.2911218831,4.683661
48.8759773621,2.2911218831,4.9881563
48.8808712527,2.2911218831,4.100398
48.8857651433,2.2911218831,2.9195168
48.8906590339,2.2911218831,0.52879024
48.8955529245,2.2911218831,0.33610937
48.9004468151,2.2911218831,-0.8568665
48.9053407057,2.2911218831,-0.4068932
48.9102345963,2.2911218831,-0.036061075
48.9151284869,2.2911218831,-0.23206398
48.9200223775,2.2911218831,-0.39885333
48.9249162681,2.2911218831,-0.5162308
48.9298101587,2.2911218831,-0.5858925
48.9347040493,2.2911218831,-0.6174514
48.9395979399,2.2911218831,-0.641958
48.9444918305,2.2911218831,-0.4449303
48.9493857211,2.2911218831,-0.367999
48.9542796117,2.2911218831,-0.38002422
48.9591735023,2.2911218831,-0.38002422
48.9640673929,2.2911218831,-0.38002422
48.9689612835,2.2911218831,-0.38002422
48.9738551741,2.2911218831,-0.38002422
48.9787490647,2.2911218831,-0.38002422
48.7389484253,2.2960157737,-0.3996261
48.7438423159,2.2960157737,-0.3996261
48.7487362065,2.2960157737,-0.3996261
48.7536300971,2.2960157737,-0.3996261
48.7585239877,2.2960157737,-0.3996261
48.7634178783,2.2960157737,-0.3996261
48.7683117689,2.2960157737,-0.43839043
48.7732056595,2.2960157737,-0.42532146
48.7780995501,2.2960157737,-0.4165103
48.7829934407,2.2960157737,-0.32571197
48.7878873313,2.2960157737,-0.2699222
48.7927812219,2.2960157737,-0.15241231
48.7976751125,2.2960157737,-0.0677688
48.8025690031,2.2960157737,0.054176286
48.8074628937,2.2960157737,0.39695513
48.8123567843,2.2960157737,-1.2755042
48.8172506749,2.2960157737,-0.053041283
48.8221445655,2.2960157737,1.6417702
48.8270384561,2.2960157737,1.9367876
48.8319323467,2.2960157737,2.0168684
48.8368262373,2.2960157737,1.4737176
48.8417201279,2.2960157737,2.4817204
48.8466140185,2.2960157737,2.9737558
48.8515079091,2.2960157737,1.8901633
48.8564017997,2.2960157737,1.7884173
48.8612956903,2.2960157737,2.271415
48.8661895809,2.2960157737,4.347728
48.8710834715,2.2960157737,5.1477284
48.8759773621,2.2960157737,5.452224
48.8808712527,2.2960157737,4.564466
48.8857651433,2.2960157737,3.737176
48.8906590339,2.2960157737,1.421966
48.8955529245,2.2960157737,0.99731463
48.9004468151,2.2960157737,-0.57676995
48.9053407057,2.2960157737,-0.61578673
48.9102345963,2.2960157737,-0.14584345
48.9151284869,2.2960157737,-0.4129763
48.9200223775,2.2960157737,-0.5797658
48.9249162681,2.2960157737,-0.73951197
48.9298101587,2.2960157737,-0.8091735
48.9347040493,2.2960157737,-0.8407325
48.9395979399,2.2960157737,-0.8652391
48.9444918305,2.2960157737,-0.66821146
48.9493857211,2.2960157737,-0.59128016
48.9542796117,2.2960157737,-0.6033054
48.9591735023,2.2960157737,-0.6033054
48.9640673929,2.2960157737,-0.6033054
48.9689612835,2.2960157737,-0.6033054
48.9738551741,2.2960157737,-0.6033054
48.9787490647,2.2960157737,-0.6033054
48.7389484253,2.3009096643,-0.21406595
48.7438423159,2.3009096643,-0.21406595
48.7487362065,2.3009096643,-0.21406595
48.7536300971,2.3009096643,-0.21406595
48.7585239877,2.3009096643,-0.21406595
48.7634178783,2.3009096643,-0.21406595
48.7683117689,2.3009096643,-0.25283024
48.7732056595,2.3009096643,-0.2397613
48.7780995501,2.3009096643,-0.23095009
48.7829934407,2.3009096643,-0.1401518
48.7878873313,2.3009096643,-0.08436207
48.7927812219,2.3009096643,0.05194101
48.7976751125,2.3009096643,0.13658464
48.8025690031,2.3009096643,0.25852966
48.8074628937,2.3009096643,0.65310174
48.8123567843,2.3009096643,-0.6561942
48.8172506749,2.3009096643,0.31466663
48.8221445655,2.3009096643,2.0094783
48.8270384561,2.3009096643,2.3427727
48.8319323467,2.3009096643,2.384307
48.8368262373,2.3009096643,1.5352198
48.8417201279,2.3009096643,2.802928
48.8466140185,2.3009096643,3.2949638
48.8515079091,2.3009096643,2.2113724
48.8564017997,2.3009096643,2.1096256
48.8612956903,2.3009096643,2.6437454
48.8661895809,2.3009096643,4.8924026
48.8710834715,2.3009096643,5.685715
48.8759773621,2.3009096643,5.990211
48.8808712527,2.3009096643,5.3199368
48.8857651433,2.3009096643,4.0084467
48.8906590339,2.3009096643,2.5648975
48.8955529245,2.3009096643,2.0610797
48.9004468151,2.3009096643,0.41778553
48.9053407057,2.3009096643,-0.31592873
48.9102345963,2.3009096643,0.07814935
48.9151284869,2.3009096643,-0.30102324
48.9200223775,2.3009096643,-0.46781278
48.9249162681,2.3009096643,-0.62755865
48.9298101587,2.3009096643,-0.69854903
48.9347040493,2.3009096643,-0.7301081
48.9395979399,2.3009096643,-0.75461465
48.9444918305,2.3009096643,-0.557587
48.9493857211,2.3009096643,-0.4806556
48.9542796117,2.3009096643,-0.49268085
48.9591735023,2.3009096643,-0.49268085
48.9640673929,2.3009096643,-0.49268085
48.9689612835,2.3009096643,-0.49268085
48.9738551741,2.3009096643,-0.49268085
48.9787490647,2.3009096643,-0.49268085
48.7389484253,2.3058035549,-0.2891583
48.7438423159,2.3058035549,-0.2891583
48.7487362065,2.3058035549,-0.2891583
48.7536300971,2.3058035549,-0.2891583
48.7585239877,2.3058035549,-0.2891583
48.7634178783,2.3058035549,-0.2891583
48.7683117689,2.3058035549,-0.32792264
48.7732056595,2.3058035549,-0.31485373
48.7780995501,2.3058035549,-0.30604252
48.7829934407,2.3058035549,-0.21524432
48.7878873313,2.3058035549,-0.15945448
48.7927812219,2.3058035549,-0.023151373
48.7976751125,2.3058035549,0.1296045
48.8025690031,2.3058035549,0.2515496
48.8074628937,2.3058035549,0.7295076
48.8123567843,2.3058035549,-0.63839835
48.8172506749,2.3058035549,0.45767874
48.8221445655,2.3058035549,2.4950254
48.8270384561,2.3058035549,2.8517396
48.8319323467,2.3058035549,2.5844083
48.8368262373,2.3058035549,1.7353231
48.8417201279,2.3058035549,3.4200907
48.8466140185,2.3058035549,3.9121275
48.8515079091,2.3058035549,2.4114723
48.8564017997,2.3058035549,2.3027446
48.8612956903,2.3058035549,2.8252542
48.8661895809,2.3058035549,5.073912
48.8710834715,2.3058035549,6.0676794
48.8759773621,2.3058035549,6.372174
48.8808712527,2.3058035549,5.694591
48.8857651433,2.3058035549,5.1393766
48.8906590339,2.3058035549,3.7435796
48.8955529245,2.3058035549,2.2919765
48.9004468151,2.3058035549,0.3474791
48.9053407057,2.3058035549,-0.22125183
48.9102345963,2.3058035549,-0.046229612
48.9151284869,2.3058035549,-0.42540225
48.9200223775,2.3058035549,-0.7177679
48.9249162681,2.3058035549,-0.87751395
48.9298101587,2.3058035549,-0.94850445
48.9347040493,2.3058035549,-0.9800633
48.9395979399,2.3058035549,-1.0045699
48.9444918305,2.3058035549,-0.80754215
48.9493857211,2.3058035549,-0.7306107
48.9542796117,2.3058035549,-0.74263597
48.9591735023,2.3058035549,-0.74263597
48.9640673929,2.3058035549,-0.74263597
48.9689612835,2.3058035549,-0.74263597
48.9738551741,2.3058035549,-0.74263597
48.9787490647,2.3058035549,-0.74263597
48.7389484253,2.3106974455,-0.09470174
48.7438423159,2.3106974455,-0.09470174
48.7487362065,2.3106974455,-0.09470174
48.7536300971,2.3106974455,-0.09470174
48.7585239877,2.3106974455,-0.09470174
48.7634178783,2.3106974455,-0.09470174
48.7683117689,2.3106974455,-0.13346602
48.7732056595,2.3106974455,-0.120397136
48.7780995501,2.3106974455,-0.11158592
48.7829934407,2.3106974455,-0.020787701
48.7878873313,2.3106974455,0.035002023
48.7927812219,2.3106974455,0.17130513
48.7976751125,2.3106974455,0.32406104
48.8025690031,2.3106974455,0.5530929
48.8074628937,2.3106974455,1.0310519
48.8123567843,2.3106974455,-0.3270648
48.8172506749,2.3106974455,2.107398
48.8221445655,2.3106974455,3.8671298
48.8270384561,2.3106974455,4.2238426
48.8319323467,2.3106974455,3.5752306
48.8368262373,2.3106974455,3.5699484
48.8417201279,2.3106974455,5.254713
48.8466140185,2.3106974455,5.6049266
48.8515079091,2.3106974455,3.902813
48.8564017997,2.3106974455,3.794084
48.8612956903,2.3106974455,4.3165917
48.8661895809,2.3106974455,6.5652494
48.8710834715,2.3106974455,7.7008386
48.8759773621,2.3106974455,8.005333
48.8808712527,2.3106974455,7.4161453
48.8857651433,2.3106974455,7.1831717
48.8906590339,2.3106974455,4.62603
48.8955529245,2.3106974455,3.1744316
48.9004468151,2.3106974455,1.353306
48.9053407057,2.3106974455,-0.2732123
48.9102345963,2.3106974455,-0.005526769
48.9151284869,2.3106974455,-0.3846996
48.9200223775,2.3106974455,-0.72451776
48.9249162681,2.3106974455,-0.8842638
48.9298101587,2.3106974455,-0.95525414
48.9347040493,2.3106974455,-1.0320239
48.9395979399,2.3106974455,-1.0565305
48.9444918305,2.3106974455,-0.8595027
48.9493857211,2.3106974455,-0.7825715
48.9542796117,2.3106974455,-0.7945965
48.9591735023,2.3106974455,-0.7945965
48.9640673929,2.3106974455,-0.7945965
48.9689612835,2.3106974455,-0.7945965
48.9738551741,2.3106974455,-0.7945965
48.9787490647,2.3106974455,-0.7945965
48.7389484253,2.3155913361,-0.4205469
48.7438423159,2.3155913361,-0.4205469
48.7487362065,2.3155913361,-0.4205469
48.7536300971,2.3155913361,-0.4205469
48.7585239877,2.3155913361,-0.4205469
48.7634178783,2.3155913361,-0.4205469
48.7683117689,2.3155913361,-0.4593112
48.7732056595,2.3155913361,-0.44624218
48.7780995501,2.3155913361,-0.437431
48.7829934407,2.3155913361,-0.34663266
48.7878873313,2.3155913361,-0.29084295
48.7927812219,2.3155913361,-0.15454
48.7976751125,2.3155913361,-0.0017841347
48.8025690031,2.3155913361,0.35953516
48.8074628937,2.3155913361,1.0201098
48.8123567843,2.3155913361,0.24235892
48.8172506749,2.3155913361,3.7313054
48.8221445655,2.3155913361,5.916916
48.8270384561,2.3155913361,6.006079
48.8319323467,2.3155913361,5.906874
48.8368262373,2.3155913361,6.4258714
48.8417201279,2.3155913361,7.951591
48.8466140185,2.3155913361,8.19562
48.8515079091,2.3155913361,6.039678
48.8564017997,2.3155913361,5.807253
48.8612956903,2.3155913361,5.931031
48.8661895809,2.3155913361,8.179692
48.8710834715,2.3155913361,10.369471
48.8759773621,2.3155913361,10.973292
48.8808712527,2.3155913361,10.538347
48.8857651433,2.3155913361,9.611735
48.8906590339,2.3155913361,4.969025
48.8955529245,2.3155913361,3.3631797
48.9004468151,2.3155913361,1.923152
48.9053407057,2.3155913361,-0.4717104
48.9102345963,2.3155913361,-0.3749414
48.9151284869,2.3155913361,-0.754114
48.9200223775,2.3155913361,-1.0939325
48.9249162681,2.3155913361,-1.2536784
48.9298101587,2.3155913361,-1.3246688
48.9347040493,2.3155913361,-1.4014386
48.9395979399,2.3155913361,-1.4259453
48.9444918305,2.3155913361,-1.2289172
48.9493857211,2.3155913361,-1.1519861
48.9542796117,2.3155913361,-1.1640114
48.9591735023,2.3155913361,-1.1640114
48.9640673929,2.3155913361,-1.1640114
48.9689612835,2.3155913361,-1.1640114
48.9738551741,2.3155913361,-1.1640114
48.9787490647,2.3155913361,-1.1640114
48.7389484253,2.3204852267,-0.36398813
48.7438423159,2.3204852267,-0.36398813
48.7487362065,2.3204852267,-0.36398813
48.7536300971,2.3204852267,-0.36398813
48.7585239877,2.3204852267,-0.36398813
48.7634178783,2.3204852267,-0.36398813
48.7683117689,2.3204852267,-0.40275243
48.7732056595,2.3204852267,-0.3896835
48.7780995501,2.3204852267,-0.38087225
48.7829934407,2.3204852267,-0.29007402
48.7878873313,2.3204852267,-0.23428431
48.7927812219,2.3204852267,-0.0979813
48.7976751125,2.3204852267,0.05477452
48.8025690031,2.3204852267,0.541914
48.8074628937,2.3204852267,1.5244714
48.8123567843,2.3204852267,2.5279603
48.8172506749,2.3204852267,5.461989
48.8221445655,2.3204852267,8.89014
48.8270384561,2.3204852267,9.345856
48.8319323467,2.3204852267,10.249618
48.8368262373,2.3204852267,10.768605
48.8417201279,2.3204852267,13.360219
48.8466140185,2.3204852267,13.60425
48.8515079091,2.3204852267,11.448301
48.8564017997,2.3204852267,11.2158785
48.8612956903,2.3204852267,11.112342
48.8661895809,2.3204852267,14.045068
48.8710834715,2.3204852267,17.503725
48.8759773621,2.3204852267,22.075228
48.8808712527,2.3204852267,17.413094
48.8857651433,2.3204852267,13.549882
48.8906590339,2.3204852267,7.153354
48.8955529245,2.3204852267,3.2641065
48.9004468151,2.3204852267,1.8042121
48.9053407057,2.3204852267,-0.65334916
48.9102345963,2.3204852267,-0.55658007
48.9151284869,2.3204852267,-0.93575263
48.9200223775,2.3204852267,-1.2755712
48.9249162681,2.3204852267,-1.4353173
48.9298101587,2.3204852267,-1.5063075
48.9347040493,2.3204852267,-1.5830772
48.9395979399,2.3204852267,-1.6075836
48.9444918305,2.3204852267,-1.4105562
48.9493857211,2.3204852267,-1.3336246
48.9542796117,2.3204852267,-1.34565
48.9591735023,2.3204852267,-1.34565
48.9640673929,2.3204852267,-1.34565
48.9689612835,2.3204852267,-1.34565
48.9738551741,2.3204852267,-1.34565
48.9787490647,2.3204852267,-1.34565
48.7389484253,2.3253791173,-0.19641954
48.7438423159,2.3253791173,-0.19641954
48.7487362065,2.3253791173,-0.19641954
48.7536300971,2.3253791173,-0.19641954
48.7585239877,2.3253791173,-0.19641954
48.7634178783,2.3253791173,-0.19641954
48.7683117689,2.3253791173,-0.11191219
48.7732056595,2.3253791173,-0.043890685
48.7780995501,2.3253791173,-0.035079446
48.7829934407,2.3253791173,0.055718653
48.7878873313,2.3253791173,0.111508355
48.7927812219,2.3253791173,0.24781136
48.7976751125,2.3253791173,0.4005673
48.8025690031,2.3253791173,0.88770664
48.8074628937,2.3253791173,1.8702645
48.8123567843,2.3253791173,6.6497645
48.8172506749,2.3253791173,9.651956
48.8221445655,2.3253791173,10.823918
48.8270384561,2.3253791173,9.990194
48.8319323467,2.3253791173,10.88168
48.8368262373,2.3253791173,11.309751
48.8417201279,2.3253791173,13.9013605
48.8466140185,2.3253791173,14.145391
48.8515079091,2.3253791173,13.064496
48.8564017997,2.3253791173,13.170384
48.8612956903,2.3253791173,13.066845
48.8661895809,2.3253791173,15.999566
48.8710834715,2.3253791173,19.575993
48.8759773621,2.3253791173,24.147495
48.8808712527,2.3253791173,19.493273
48.8857651433,2.3253791173,12.752311
48.8906590339,2.3253791173,6.6684837
48.8955529245,2.3253791173,3.4963953
48.9004468151,2.3253791173,1.9134889
48.9053407057,2.3253791173,-0.5799784
48.9102345963,2.3253791173,-0.5336674
48.9151284869,2.3253791173,-0.9866079
48.9200223775,2.3253791173,-1.3264264
48.9249162681,2.3253791173,-1.4861721
48.9298101587,2.3253791173,-1.5571623
48.9347040493,2.3253791173,-1.6339321
48.9395979399,2.3253791173,-1.6584386
48.9444918305,2.3253791173,-1.4768014
48.9493857211,2.3253791173,-1.4491109
48.9542796117,2.3253791173,-1.478624
48.9591735023,2.3253791173,-1.478624
48.9640673929,2.3253791173,-1.478624
48.9689612835,2.3253791173,-1.478624
48.9738551741,2.3253791173,-1.478624
48.9787490647,2.3253791173,-1.478624
48.7389484253,2.3302730079,0.10137066
48.7438423159,2.3302730079,0.10137066
48.7487362065,2.3302730079,0.10137066
48.7536300971,2.3302730079,0.10137066
48.7585239877,2.3302730079,0.10137066
48.7634178783,2.3302730079,0.10137066
48.7683117689,2.3302730079,0.18587805
48.7732056595,2.3302730079,0.2538995
48.7780995501,2.3302730079,0.2627107
48.7829934407,2.3302730079,0.35350892
48.7878873313,2.3302730079,0.4092987
48.7927812219,2.3302730079,0.5456017
48.7976751125,2.3302730079,0.6983574
48.8025690031,2.3302730079,1.1854973
48.8074628937,2.3302730079,2.3895895
48.8123567843,2.3302730079,8.143079
48.8172506749,2.3302730079,11.139581
48.8221445655,2.3302730079,12.060116
48.8270384561,2.3302730079,10.436919
48.8319323467,2.3302730079,11.328403
48.8368262373,2.3302730079,11.1543665
48.8417201279,2.3302730079,13.048053
48.8466140185,2.3302730079,13.292083
48.8515079091,2.3302730079,12.832422
48.8564017997,2.3302730079,12.93831
48.8612956903,2.3302730079,12.834771
48.8661895809,2.3302730079,15.767491
48.8710834715,2.3302730079,19.163557
48.8759773621,2.3302730079,23.068283
48.8808712527,2.3302730079,18.220825
48.8857651433,2.3302730079,10.993742
48.8906590339,2.3302730079,5.593106
48.8955529245,2.3302730079,3.1193
48.9004468151,2.3302730079,1.9362744
48.9053407057,2.3302730079,-0.054834012
48.9102345963,2.3302730079,-0.15866323
48.9151284869,2.3302730079,-0.61160356
48.9200223775,2.3302730079,-1.0004337
48.9249162681,2.3302730079,-1.2063582
48.9298101587,2.3302730079,-1.2773485
48.9347040493,2.3302730079,-1.3541181
48.9395979399,2.3302730079,-1.4007676
48.9444918305,2.3302730079,-1.2191303
48.9493857211,2.3302730079,-1.1914399
48.9542796117,2.3302730079,-1.2209529
48.9591735023,2.3302730079,-1.2209529
48.9640673929,2.3302730079,-1.2209529
48.9689612835,2.3302730079,-1.2209529
48.9738551741,2.3302730079,-1.2209529
48.9787490647,2.3302730079,-1.2209529
48.7389484253,2.3351668985000003,-0.0020575405
48.7438423159,2.3351668985000003,-0.0020575405
48.7487362065,2.3351668985000003,-0.0020575405
48.7536300971,2.3351668985000003,-0.0020575405
48.7585239877,2.3351668985000003,-0.0020575405
48.7634178783,2.3351668985000003,-0.0020575405
48.7683117689,2.3351668985000003,0.08244985
48.7732056595,2.3351668985000003,0.15047127
48.7780995501,2.3351668985000003,0.1592825
48.7829934407,2.3351668985000003,0.31723672
48.7878873313,2.3351668985000003,0.37302655
48.7927812219,2.3351668985000003,0.5093296
48.7976751125,2.3351668985000003,0.7397484
48.8025690031,2.3351668985000003,1.346343
48.8074628937,2.3351668985000003,2.7618802
48.8123567843,2.3351668985000003,9.2235
48.8172506749,2.3351668985000003,14.698948
48.8221445655,2.3351668985000003,15.558484
48.8270384561,2.3351668985000003,13.885326
48.8319323467,2.3351668985000003,11.526858
48.8368262373,2.3351668985000003,10.839581
48.8417201279,2.3351668985000003,12.126008
48.8466140185,2.3351668985000003,12.444138
48.8515079091,2.3351668985000003,13.030877
48.8564017997,2.3351668985000003,13.558783
48.8612956903,2.3351668985000003,13.455243
48.8661895809,2.3351668985000003,16.097328
48.8710834715,2.3351668985000003,15.9141865
48.8759773621,2.3351668985000003,15.944637
48.8808712527,2.3351668985000003,14.371047
48.8857651433,2.3351668985000003,7.986585
48.8906590339,2.3351668985000003,3.6357675
48.8955529245,2.3351668985000003,2.3350658
48.9004468151,2.3351668985000003,1.7561694
48.9053407057,2.3351668985000003,-0.16498837
48.9102345963,2.3351668985000003,-0.15533079
48.9151284869,2.3351668985000003,-0.6082713
48.9200223775,2.3351668985000003,-0.9971012
48.9249162681,2.3351668985000003,-1.2030257
48.9298101587,2.3351668985000003,-1.3439661
48.9347040493,2.3351668985000003,-1.4207358
48.9395979399,2.3351668985000003,-1.4673853
48.9444918305,2.3351668985000003,-1.2857478
48.9493857211,2.3351668985000003,-1.2580576
48.9542796117,2.3351668985000003,-1.2875707
48.9591735023,2.3351668985000003,-1.2875707
48.9640673929,2.3351668985000003,-1.2875707
48.9689612835,2.3351668985000003,-1.2875707
48.9738551741,2.3351668985000003,-1.2875707
48.9787490647,2.3351668985000003,-1.2875707
48.7389484253,2.3400607891000003,0.3043738
48.7438423159,2.3400607891000003,0.3043738
48.7487362065,2.3400607891000003,0.3043738
48.7536300971,2.3400607891000003,0.3043738
48.7585239877,2.3400607891000003,0.3043738
48.7634178783,2.3400607891000003,0.3043738
48.7683117689,2.3400607891000003,0.38888106
48.7732056595,2.3400607891000003,0.45690247
48.7780995501,2.3400607891000003,0.46571374
48.7829934407,2.3400607891000003,0.6236679
48.7878873313,2.3400607891000003,0.6794577
48.7927812219,2.3400607891000003,0.8157606
48.7976751125,2.3400607891000003,1.125252
48.8025690031,2.3400607891000003,1.7318468
48.8074628937,2.3400607891000003,3.1616995
48.8123567843,2.3400607891000003,9.783069
48.8172506749,2.3400607891000003,16.182953
48.8221445655,2.3400607891000003,17.042486
48.8270384561,2.3400607891000003,15.333138
48.8319323467,2.3400607891000003,11.967563
48.8368262373,2.3400607891000003,10.650013
48.8417201279,2.3400607891000003,11.9364395
48.8466140185,2.3400607891000003,12.254569
48.8515079091,2.3400607891000003,13.471583
48.8564017997,2.3400607891000003,14.021365
48.8612956903,2.3400607891000003,13.917827
48.8661895809,2.3400607891000003,16.525099
48.8710834715,2.3400607891000003,15.592151
48.8759773621,2.3400607891000003,15.6226015
48.8808712527,2.3400607891000003,14.259836
48.8857651433,2.3400607891000003,8.150215
48.8906590339,2.3400607891000003,3.7993975
48.8955529245,2.3400607891000003,2.4986968
48.9004468151,2.3400607891000003,1.9197997
48.9053407057,2.3400607891000003,0.22083555
48.9102345963,2.3400607891000003,0.09519377
48.9151284869,2.3400607891000003,-0.35774678
48.9200223775,2.3400607891000003,-0.7465768
48.9249162681,2.3400607891000003,-1.0393959
48.9298101587,2.3400607891000003,-1.1803359
48.9347040493,2.3400607891000003,-1.2571056
48.9395979399,2.3400607891000003,-1.303755
48.9444918305,2.3400607891000003,-1.1221179
48.9493857211,2.3400607891000003,-1.0944277
48.9542796117,2.3400607891000003,-1.1239407
48.9591735023,2.3400607891000003,-1.1239407
48.9640673929,2.3400607891000003,-1.1239407
48.9689612835,2.3400607891000003,-1.1239407
48.9738551741,2.3400607891000003,-1.1239407
48.9787490647,2.3400607891000003,-1.1239407
48.7389484253,2.3449546797000003,0.18304546
48.7438423159,2.3449546797000003,0.18304546
48.7487362065,2.3449546797000003,0.18304546
48.7536300971,2.3449546797000003,0.18304546
48.7585239877,2.3449546797000003,0.18304546
48.7634178783,2.3449546797000003,0.18304546
48.7683117689,2.3449546797000003,0.26755285
48.7732056595,2.3449546797000003,0.70092946
48.7780995501,2.3449546797000003,0.70974064
48.7829934407,2.3449546797000003,0.8676949
48.7878873313,2.3449546797000003,0.9234848
48.7927812219,2.3449546797000003,1.059788
48.7976751125,2.3449546797000003,1.3692793
48.8025690031,2.3449546797000003,1.9758736
48.8074628937,2.3449546797000003,3.4057267
48.8123567843,2.3449546797000003,9.901487
48.8172506749,2.3449546797000003,16.301374
48.8221445655,2.3449546797000003,16.702343
48.8270384561,2.3449546797000003,14.992994
48.8319323467,2.3449546797000003,11.627422
48.8368262373,2.3449546797000003,10.309875
48.8417201279,2.3449546797000003,11.875408
48.8466140185,2.3449546797000003,12.47442
48.8515079091,2.3449546797000003,13.269765
48.8564017997,2.3449546797000003,13.819547
48.8612956903,2.3449546797000003,13.716007
48.8661895809,2.3449546797000003,16.149933
48.8710834715,2.3449546797000003,15.216985
48.8759773621,2.3449546797000003,15.247436
48.8808712527,2.3449546797000003,13.884668
48.8857651433,2.3449546797000003,8.0843725
48.8906590339,2.3449546797000003,3.7335553
48.8955529245,2.3449546797000003,2.6702938
48.9004468151,2.3449546797000003,2.175352
48.9053407057,2.3449546797000003,0.98468924
48.9102345963,2.3449546797000003,0.4166765
48.9151284869,2.3449546797000003,-0.10229816
48.9200223775,2.3449546797000003,-0.6769308
48.9249162681,2.3449546797000003,-0.96975005
48.9298101587,2.3449546797000003,-1.1926249
48.9347040493,2.3449546797000003,-1.287314
48.9395979399,2.3449546797000003,-1.3339636
48.9444918305,2.3449546797000003,-1.1641229
48.9493857211,2.3449546797000003,-1.1364324
48.9542796117,2.3449546797000003,-1.1659454
48.9591735023,2.3449546797000003,-1.1659454
48.9640673929,2.3449546797000003,-1.1659454
48.9689612835,2.3449546797000003,-1.1659454
48.9738551741,2.3449546797000003,-1.1659454
48.9787490647,2.3449546797000003,-1.1659454
48.7389484253,2.3498485703,0.40079153
48.7438423159,2.3498485703,0.40079153
48.7487362065,2.3498485703,0.40079153
48.7536300971,2.3498485703,0.40079153
48.7585239877,2.3498485703,0.40079153
48.7634178783,2.3498485703,0.40079153
48.7683117689,2.3498485703,0.49413043
48.7732056595,2.3498485703,0.92750734
48.7780995501,2.3498485703,0.9363185
48.7829934407,2.3498485703,1.094273
48.7878873313,2.3498485703,1.1500627
48.7927812219,2.3498485703,1.2863654
48.7976751125,2.3498485703,1.4953897
48.8025690031,2.3498485703,2.1485517
48.8074628937,2.3498485703,3.9150124
48.8123567843,2.3498485703,10.630221
48.8172506749,2.3498485703,18.3377
48.8221445655,2.3498485703,18.850477
48.8270384561,2.3498485703,16.989584
48.8319323467,2.3498485703,13.62401
48.8368262373,2.3498485703,12.306462
48.8417201279,2.3498485703,14.198222
48.8466140185,2.3498485703,14.797239
48.8515079091,2.3498485703,15.668118
48.8564017997,2.3498485703,16.217894
48.8612956903,2.3498485703,16.032574
48.8661895809,2.3498485703,18.466509
48.8710834715,2.3498485703,17.53356
48.8759773621,2.3498485703,17.56401
48.8808712527,2.3498485703,16.868328
48.8857651433,2.3498485703,15.2783375
48.8906590339,2.3498485703,10.461582
48.8955529245,2.3498485703,8.487384
48.9004468151,2.3498485703,5.9609127
48.9053407057,2.3498485703,2.76917
48.9102345963,2.3498485703,2.1718445
48.9151284869,2.3498485703,1.65287
48.9200223775,2.3498485703,1.078238
48.9249162681,2.3498485703,0.42045265
48.9298101587,2.3498485703,0.19757801
48.9347040493,2.3498485703,0.10288836
48.9395979399,2.3498485703,0.034730587
48.9444918305,2.3498485703,0.1661855
48.9493857211,2.3498485703,0.17733113
48.9542796117,2.3498485703,0.12854218
48.9591735023,2.3498485703,0.12854218
48.9640673929,2.3498485703,0.12854218
48.9689612835,2.3498485703,0.12854218
48.9738551741,2.3498485703,0.12854218
48.9787490647,2.3498485703,0.12854218
48.7389484253,2.3547424609,1.0781238
48.7438423159,2.3547424609,1.0781238
48.7487362065,2.3547424609,1.0781238
48.7536300971,2.3547424609,1.0781238
48.7585239877,2.3547424609,1.0781238
48.7634178783,2.3547424609,1.0781238
48.7683117689,2.3547424609,1.1714629
48.7732056595,2.3547424609,1.60484
48.7780995501,2.3547424609,1.6136514
48.7829934407,2.3547424609,1.771605
48.7878873313,2.3547424609,1.8273951
48.7927812219,2.3547424609,1.9636984
48.7976751125,2.3547424609,2.1727235
48.8025690031,2.3547424609,2.8526142
48.8074628937,2.3547424609,5.4693675
48.8123567843,2.3547424609,12.34195
48.8172506749,2.3547424609,22.636473
48.8221445655,2.3547424609,23.96237
48.8270384561,2.3547424609,22.539389
48.8319323467,2.3547424609,19.47636
48.8368262373,2.3547424609,18.156292
48.8417201279,2.3547424609,20.796501
48.8466140185,2.3547424609,21.395512
48.8515079091,2.3547424609,22.31864
48.8564017997,2.3547424609,21.598331
48.8612956903,2.3547424609,18.472786
48.8661895809,2.3547424609,20.596434
48.8710834715,2.3547424609,21.218134
48.8759773621,2.3547424609,23.25007
48.8808712527,2.3547424609,23.504536
48.8857651433,2.3547424609,21.981083
48.8906590339,2.3547424609,17.169445
48.8955529245,2.3547424609,13.983669
48.9004468151,2.3547424609,9.972043
48.9053407057,2.3547424609,5.2109036
48.9102345963,2.3547424609,4.314822
48.9151284869,2.3547424609,3.7958477
48.9200223775,2.3547424609,3.2212152
48.9249162681,2.3547424609,2.563431
48.9298101587,2.3547424609,2.340556
48.9347040493,2.3547424609,2.2458665
48.9395979399,2.3547424609,2.1777089
48.9444918305,2.3547424609,2.288768
48.9493857211,2.3547424609,2.1712737
48.9542796117,2.3547424609,2.1224844
48.9591735023,2.3547424609,2.1224844
48.9640673929,2.3547424609,2.1224844
48.9689612835,2.3547424609,2.1224844
48.9738551741,2.3547424609,2.1224844
48.9787490647,2.3547424609,2.1224844
48.7389484253,2.3596363515,2.0634372
48.7438423159,2.3596363515,2.0634372
48.7487362065,2.3596363515,2.0634372
48.7536300971,2.3596363515,2.0634372
48.7585239877,2.3596363515,2.0634372
48.7634178783,2.3596363515,2.0634372
48.7683117689,2.3596363515,2.1567762
48.7732056595,2.3596363515,2.5901532
48.7780995501,2.3596363515,2.5989645
48.7829934407,2.3596363515,2.7569184
48.7878873313,2.3596363515,2.8127081
48.7927812219,2.3596363515,2.9490108
48.7976751125,2.3596363515,3.1580355
48.8025690031,2.3596363515,3.837926
48.8074628937,2.3596363515,6.454681
48.8123567843,2.3596363515,13.804524
48.8172506749,2.3596363515,24.29019
48.8221445655,2.3596363515,27.293165
48.8270384561,2.3596363515,25.870182
48.8319323467,2.3596363515,22.807156
48.8368262373,2.3596363515,21.828552
48.8417201279,2.3596363515,24.468763
48.8466140185,2.3596363515,25.067774
48.8515079091,2.3596363515,24.49691
48.8564017997,2.3596363515,23.7766
48.8612956903,2.3596363515,20.651054
48.8661895809,2.3596363515,22.774702
48.8710834715,2.3596363515,23.396402
48.8759773621,2.3596363515,25.42834
48.8808712527,2.3596363515,25.139118
48.8857651433,2.3596363515,23.615667
48.8906590339,2.3596363515,18.804026
48.8955529245,2.3596363515,14.983551
48.9004468151,2.3596363515,10.142344
48.9053407057,2.3596363515,4.7840347
48.9102345963,2.3596363515,3.8879533
48.9151284869,2.3596363515,3.3689783
48.9200223775,2.3596363515,2.794346
48.9249162681,2.3596363515,2.5512984
48.9298101587,2.3596363515,2.3284228
48.9347040493,2.3596363515,2.233734
48.9395979399,2.3596363515,2.1655762
48.9444918305,2.3596363515,2.276636
48.9493857211,2.3596363515,2.159141
48.9542796117,2.3596363515,2.1103518
48.9591735023,2.3596363515,2.1103518
48.9640673929,2.3596363515,2.1103518
48.9689612835,2.3596363515,2.1103518
48.9738551741,2.3596363515,2.1103518
48.9787490647,2.3596363515,2.1103518
48.7389484253,2.3645302421,2.2998295
48.7438423159,2.3645302421,2.2998295
48.7487362065,2.3645302421,2.2998295
48.7536300971,2.3645302421,2.2998295
48.7585239877,2.3645302421,2.2998295
48.7634178783,2.3645302421,2.2998295
48.7683117689,2.3645302421,2.3931682
48.7732056595,2.3645302421,2.8265455
48.7780995501,2.3645302421,2.8353567
48.7829934407,2.3645302421,2.9933107
48.7878873313,2.3645302421,3.0491004
48.7927812219,2.3645302421,3.1854036
48.7976751125,2.3645302421,3.3944283
48.8025690031,2.3645302421,4.074317
48.8074628937,2.3645302421,6.691073
48.8123567843,2.3645302421,13.918338
48.8172506749,2.3645302421,24.408207
48.8221445655,2.3645302421,27.973051
48.8270384561,2.3645302421,27.381392
48.8319323467,2.3645302421,24.60665
48.8368262373,2.3645302421,26.04443
48.8417201279,2.3645302421,30.131195
48.8466140185,2.3645302421,30.730211
48.8515079091,2.3645302421,25.434038
48.8564017997,2.3645302421,24.269238
48.8612956903,2.3645302421,20.184433
48.8661895809,2.3645302421,22.133984
48.8710834715,2.3645302421,22.144876
48.8759773621,2.3645302421,24.046324
48.8808712527,2.3645302421,24.502258
48.8857651433,2.3645302421,22.972849
48.8906590339,2.3645302421,18.756336
48.8955529245,2.3645302421,15.024896
48.9004468151,2.3645302421,9.838072
48.9053407057,2.3645302421,4.306144
48.9102345963,2.3645302421,3.477796
48.9151284869,2.3645302421,2.995379
48.9200223775,2.3645302421,2.4207475
48.9249162681,2.3645302421,2.1776989
48.9298101587,2.3645302421,1.9898704
48.9347040493,2.3645302421,1.8951805
48.9395979399,2.3645302421,1.827023
48.9444918305,2.3645302421,1.9380826
48.9493857211,2.3645302421,2.0637035
48.9542796117,2.3645302421,2.0149143
48.9591735023,2.3645302421,2.0149143
48.9640673929,2.3645302421,2.0149143
48.9689612835,2.3645302421,2.0149143
48.9738551741,2.3645302421,2.0149143
48.9787490647,2.3645302421,2.0149143
48.7389484253,2.3694241327,2.2238984
48.7438423159,2.3694241327,2.2238984
48.7487362065,2.3694241327,2.2238984
48.7536300971,2.3694241327,2.2238984
48.7585239877,2.3694241327,2.2238984
48.7634178783,2.3694241327,2.2238984
48.7683117689,2.3694241327,2.317237
48.7732056595,2.3694241327,2.7506142
48.7780995501,2.3694241327,2.7594254
48.7829934407,2.3694241327,2.9173791
48.7878873313,2.3694241327,2.973169
48.7927812219,2.3694241327,3.1094723
48.7976751125,2.3694241327,3.318497
48.8025690031,2.3694241327,3.9983864
48.8074628937,2.3694241327,6.6151423
48.8123567843,2.3694241327,13.842405
48.8172506749,2.3694241327,25.89487
48.8221445655,2.3694241327,29.481459
48.8270384561,2.3694241327,29.110271
48.8319323467,2.3694241327,27.025675
48.8368262373,2.3694241327,31.96847
48.8417201279,2.3694241327,36.662235
48.8466140185,2.3694241327,37.01618
48.8515079091,2.3694241327,26.055262
48.8564017997,2.3694241327,22.09799
48.8612956903,2.3694241327,17.476973
48.8661895809,2.3694241327,19.426525
48.8710834715,2.3694241327,17.65719
48.8759773621,2.3694241327,17.147926
48.8808712527,2.3694241327,20.759808
48.8857651433,2.3694241327,21.267872
48.8906590339,2.3694241327,17.363718
48.8955529245,2.3694241327,13.632274
48.9004468151,2.3694241327,9.31486
48.9053407057,2.3694241327,3.7829325
48.9102345963,2.3694241327,2.9545844
48.9151284869,2.3694241327,2.5699098
48.9200223775,2.3694241327,1.995278
48.9249162681,2.3694241327,1.7522302
48.9298101587,2.3694241327,1.5644008
48.9347040493,2.3694241327,1.4697111
48.9395979399,2.3694241327,1.401553
48.9444918305,2.3694241327,1.512613
48.9493857211,2.3694241327,1.638234
48.9542796117,2.3694241327,1.5894446
48.9591735023,2.3694241327,1.5894446
48.9640673929,2.3694241327,1.5894446
48.9689612835,2.3694241327,1.5894446
48.9738551741,2.3694241327,1.5894446
48.9787490647,2.3694241327,1.5894446
48.7389484253,2.3743180233,0.45948476
48.7438423159,2.3743180233,0.45948476
48.7487362065,2.3743180233,0.45948476
48.7536300971,2.3743180233,0.45948476
48.7585239877,2.3743180233,0.45948476
48.7634178783,2.3743180233,0.45948476
48.7683117689,2.3743180233,0.56483483
48.7732056595,2.3743180233,0.9982122
48.7780995501,2.3743180233,1.0070236
48.7829934407,2.3743180233,1.1649781
48.7878873313,2.3743180233,1.2207674
48.7927812219,2.3743180233,1.3570706
48.7976751125,2.3743180233,1.5660951
48.8025690031,2.3743180233,2.0451226
48.8074628937,2.3743180233,4.2072725
48.8123567843,2.3743180233,8.406721
48.8172506749,2.3743180233,20.950903
48.8221445655,2.3743180233,26.308428
48.8270384561,2.3743180233,26.034706
48.8319323467,2.3743180233,23.923563
48.8368262373,2.3743180233,28.993317
48.8417201279,2.3743180233,33.687084
48.8466140185,2.3743180233,33.66278
48.8515079091,2.3743180233,21.914927
48.8564017997,2.3743180233,17.76899
48.8612956903,2.3743180233,14.255742
48.8661895809,2.3743180233,16.205284
48.8710834715,2.3743180233,14.100953
48.8759773621,2.3743180233,13.568092
48.8808712527,2.3743180233,17.55727
48.8857651433,2.3743180233,18.326023
48.8906590339,2.3743180233,15.145933
48.8955529245,2.3743180233,12.124664
48.9004468151,2.3743180233,8.229294
48.9053407057,2.3743180233,2.6973627
48.9102345963,2.3743180233,1.8798708
48.9151284869,2.3743180233,1.4951966
48.9200223775,2.3743180233,0.92056423
48.9249162681,2.3743180233,0.677516
48.9298101587,2.3743180233,0.48968685
48.9347040493,2.3743180233,0.39499748
48.9395979399,2.3743180233,0.3268396
48.9444918305,2.3743180233,0.43789926
48.9493857211,2.3743180233,0.5635199
48.9542796117,2.3743180233,0.51473105
48.9591735023,2.3743180233,0.51473105
48.9640673929,2.3743180233,0.51473105
48.9689612835,2.3743180233,0.51473105
48.9738551741,2.3743180233,0.51473105
48.9787490647,2.3743180233,0.51473105
48.7389484253,2.3792119139,-0.14787486
48.7438423159,2.3792119139,-0.14787486
48.7487362065,2.3792119139,-0.14787486
48.7536300971,2.3792119139,-0.14787486
48.7585239877,2.3792119139,-0.14787486
48.7634178783,2.3792119139,-0.14787486
48.7683117689,2.3792119139,-0.04252504
48.7732056595,2.3792119139,0.3978794
48.7780995501,2.3792119139,0.4066909
48.7829934407,2.3792119139,0.56464505
48.7878873313,2.3792119139,0.6204348
48.7927812219,2.3792119139,0.7567384
48.7976751125,2.3792119139,0.930211
48.8025690031,2.3792119139,1.3415158
48.8074628937,2.3792119139,3.4711967
48.8123567843,2.3792119139,7.0635557
48.8172506749,2.3792119139,19.090164
48.8221445655,2.3792119139,25.537842
48.8270384561,2.3792119139,25.780602
48.8319323467,2.3792119139,24.020847
48.8368262373,2.3792119139,29.090591
48.8417201279,2.3792119139,32.267456
48.8466140185,2.3792119139,32.24316
48.8515079091,2.3792119139,19.95417
48.8564017997,2.3792119139,13.569851
48.8612956903,2.3792119139,10.193389
48.8661895809,2.3792119139,10.632147
48.8710834715,2.3792119139,8.334113
48.8759773621,2.3792119139,7.801248
48.8808712527,2.3792119139,11.790439
48.8857651433,2.3792119139,13.31694
48.8906590339,2.3792119139,11.625401
48.8955529245,2.3792119139,10.041537
48.9004468151,2.3792119139,7.0858717
48.9053407057,2.3792119139,1.6071081
48.9102345963,2.3792119139,0.7208919
48.9151284869,2.3792119139,0.33621648
48.9200223775,2.3792119139,-0.016591394
48.9249162681,2.3792119139,-0.25963938
48.9298101587,2.3792119139,-0.4474684
48.9347040493,2.3792119139,-0.532364
48.9395979399,2.3792119139,-0.6005217
48.9444918305,2.3792119139,-0.47766584
48.9493857211,2.3792119139,-0.3520449
48.9542796117,2.3792119139,-0.40083382
48.9591735023,2.3792119139,-0.40083382
48.9640673929,2.3792119139,-0.40083382
48.9689612835,2.3792119139,-0.40083382
48.9738551741,2.3792119139,-0.40083382
48.9787490647,2.3792119139,-0.40083382
48.7389484253,2.3841058045,0.052562505
48.7438423159,2.3841058045,0.052562505
48.7487362065,2.3841058045,0.052562505
48.7536300971,2.3841058045,0.052562505
48.7585239877,2.3841058045,0.052562505
48.7634178783,2.3841058045,0.052562505
48.7683117689,2.3841058045,0.17499022
48.7732056595,2.3841058045,0.30235684
48.7780995501,2.3841058045,0.311168
48.7829934407,2.3841058045,0.46912208
48.7878873313,2.3841058045,0.524912
48.7927812219,2.3841058045,0.66121536
48.7976751125,2.3841058045,0.83468837
48.8025690031,2.3841058045,1.2459929
48.8074628937,2.3841058045,3.3756742
48.8123567843,2.3841058045,6.9292355
48.8172506749,2.3841058045,17.382954
48.8221445655,2.3841058045,23.32431
48.8270384561,2.3841058045,24.797157
48.8319323467,2.3841058045,22.998358
48.8368262373,2.3841058045,25.579672
48.8417201279,2.3841058045,27.708199
48.8466140185,2.3841058045,27.790083
48.8515079091,2.3841058045,17.701097
48.8564017997,2.3841058045,9.872214
48.8612956903,2.3841058045,7.3717437
48.8661895809,2.3841058045,7.8473616
48.8710834715,2.3841058045,5.8340974
48.8759773621,2.3841058045,5.1666207
48.8808712527,2.3841058045,7.369929
48.8857651433,2.3841058045,7.7957106
48.8906590339,2.3841058045,7.862302
48.8955529245,2.3841058045,7.0713587
48.9004468151,2.3841058045,5.6312685
48.9053407057,2.3841058045,1.6739122
48.9102345963,2.3841058045,0.7876961
48.9151284869,2.3841058045,0.40302092
48.9200223775,2.3841058045,0.050212532
48.9249162681,2.3841058045,-0.19283542
48.9298101587,2.3841058045,-0.38066444
48.9347040493,2.3841058045,-0.4655599
48.9395979399,2.3841058045,-0.51220924
48.9444918305,2.3841058045,-0.36530864
48.9493857211,2.3841058045,-0.23968765
48.9542796117,2.3841058045,-0.27259725
48.9591735023,2.3841058045,-0.27259725
48.9640673929,2.3841058045,-0.27259725
48.9689612835,2.3841058045,-0.27259725
48.9738551741,2.3841058045,-0.27259725
48.9787490647,2.3841058045,-0.27259725
48.7389484253,2.3889996951,0.08260665
48.7438423159,2.3889996951,0.08260665
48.7487362065,2.3889996951,0.08260665
48.7536300971,2.3889996951,0.08260665
48.7585239877,2.3889996951,0.08260665
48.7634178783,2.3889996951,0.08260665
48.7683117689,2.3889996951,0.20503442
48.7732056595,2.3889996951,0.33240095
48.7780995501,2.3889996951,0.3412122
48.7829934407,2.3889996951,0.49916658
48.7878873313,2.3889996951,0.53518236
48.7927812219,2.3889996951,0.67148614
48.7976751125,2.3889996951,0.7636831
48.8025690031,2.3889996951,1.1749879
48.8074628937,2.3889996951,3.3046696
48.8123567843,2.3889996951,6.5621448
48.8172506749,2.3889996951,11.690054
48.8221445655,2.3889996951,15.642654
48.8270384561,2.3889996951,18.000626
48.8319323467,2.3889996951,18.726656
48.8368262373,2.3889996951,18.41072
48.8417201279,2.3889996951,20.44611
48.8466140185,2.3889996951,20.436642
48.8515079091,2.3889996951,15.208203
48.8564017997,2.3889996951,9.466038
48.8612956903,2.3889996951,6.393665
48.8661895809,2.3889996951,7.0426536
48.8710834715,2.3889996951,5.465342
48.8759773621,2.3889996951,5.186763
48.8808712527,2.3889996951,6.2538376
48.8857651433,2.3889996951,5.0900264
48.8906590339,2.3889996951,6.6836095
48.8955529245,2.3889996951,5.892666
48.9004468151,2.3889996951,4.701355
48.9053407057,2.3889996951,1.6776613
48.9102345963,2.3889996951,0.79144543
48.9151284869,2.3889996951,0.40677017
48.9200223775,2.3889996951,0.05396188
48.9249162681,2.3889996951,-0.14665587
48.9298101587,2.3889996951,-0.33448496
48.9347040493,2.3889996951,-0.40146038
48.9395979399,2.3889996951,-0.4272856
48.9444918305,2.3889996951,-0.28038505
48.9493857211,2.3889996951,-0.15476418
48.9542796117,2.3889996951,-0.18767378
48.9591735023,2.3889996951,-0.18767378
48.9640673929,2.3889996951,-0.18767378
48.9689612835,2.3889996951,-0.18767378
48.9738551741,2.3889996951,-0.18767378
48.9787490647,2.3889996951,-0.18767378
48.7389484253,2.3938935857,-0.13035373
48.7438423159,2.3938935857,-0.13035373
48.7487362065,2.3938935857,-0.13035373
48.7536300971,2.3938935857,-0.13035373
48.7585239877,2.3938935857,-0.13035373
48.7634178783,2.3938935857,-0.13035373
48.7683117689,2.3938935857,-0.007925926
48.7732056595,2.3938935857,0.11944041
48.7780995501,2.3938935857,0.12825178
48.7829934407,2.3938935857,0.28620586
48.7878873313,2.3938935857,0.31938556
48.7927812219,2.3938935857,0.43208757
48.7976751125,2.3938935857,0.46065
48.8025690031,2.3938935857,0.8719554
48.8074628937,2.3938935857,2.766918
48.8123567843,2.3938935857,5.520442
48.8172506749,2.3938935857,9.436116
48.8221445655,2.3938935857,13.604227
48.8270384561,2.3938935857,15.292259
48.8319323467,2.3938935857,15.519855
48.8368262373,2.3938935857,15.364891
48.8417201279,2.3938935857,17.400286
48.8466140185,2.3938935857,17.535818
48.8515079091,2.3938935857,12.683094
48.8564017997,2.3938935857,7.6861386
48.8612956903,2.3938935857,4.984164
48.8661895809,2.3938935857,5.633149
48.8710834715,2.3938935857,3.9615583
48.8759773621,2.3938935857,4.1529884
48.8808712527,2.3938935857,4.603777
48.8857651433,2.3938935857,3.3825223
48.8906590339,2.3938935857,4.1357117
48.8955529245,2.3938935857,3.3902237
48.9004468151,2.3938935857,3.0045834
48.9053407057,2.3938935857,0.91881675
48.9102345963,2.3938935857,0.18274067
48.9151284869,2.3938935857,-0.24391614
48.9200223775,2.3938935857,-0.5967242
48.9249162681,2.3938935857,-0.7762482
48.9298101587,2.3938935857,-0.8808143
48.9347040493,2.3938935857,-0.94778997
48.9395979399,2.3938935857,-0.94778997
48.9444918305,2.3938935857,-0.80088913
48.9493857211,2.3938935857,-0.67526835
48.9542796117,2.3938935857,-0.7081779
48.9591735023,2.3938935857,-0.7081779
48.9640673929,2.3938935857,-0.7081779
48.9689612835,2.3938935857,-0.7081779
48.9738551741,2.3938935857,-0.7081779
48.9787490647,2.3938935857,-0.7081779
48.7389484253,2.3987874763,-0.05947326
48.7438423159,2.3987874763,-0.05947326
48.7487362065,2.3987874763,-0.05947326
48.7536300971,2.3987874763,-0.05947326
48.7585239877,2.3987874763,-0.05947326
48.7634178783,2.3987874763,-0.05947326
48.7683117689,2.3987874763,0.06295464
48.7732056595,2.3987874763,0.19032101
48.7780995501,2.3987874763,0.19913214
48.7829934407,2.3987874763,0.35708642
48.7878873313,2.3987874763,0.39026594
48.7927812219,2.3987874763,0.5029681
48.7976751125,2.3987874763,0.53153074
48.8025690031,2.3987874763,0.9428359
48.8074628937,2.3987874763,2.8377988
48.8123567843,2.3987874763,5.508365
48.8172506749,2.3987874763,9.424041
48.8221445655,2.3987874763,13.311046
48.8270384561,2.3987874763,14.99908
48.8319323467,2.3987874763,14.164348
48.8368262373,2.3987874763,14.123947
48.8417201279,2.3987874763,16.159336
48.8466140185,2.3987874763,16.29487
48.8515079091,2.3987874763,11.80799
48.8564017997,2.3987874763,6.989555
48.8612956903,2.3987874763,4.5282683
48.8661895809,2.3987874763,4.9213185
48.8710834715,2.3987874763,3.5668905
48.8759773621,2.3987874763,3.758321
48.8808712527,2.3987874763,3.858285
48.8857651433,2.3987874763,3.4503438
48.8906590339,2.3987874763,3.729628
48.8955529245,2.3987874763,3.374048
48.9004468151,2.3987874763,3.3032053
48.9053407057,2.3987874763,0.7041053
48.9102345963,2.3987874763,0.055106055
48.9151284869,2.3987874763,-0.30271626
48.9200223775,2.3987874763,-0.48464832
48.9249162681,2.3987874763,-0.62711066
48.9298101587,2.3987874763,-0.7316767
48.9347040493,2.3987874763,-0.79865223
48.9395979399,2.3987874763,-0.79865223
48.9444918305,2.3987874763,-0.65175146
48.9493857211,2.3987874763,-0.5261307
48.9542796117,2.3987874763,-0.55904037
48.9591735023,2.3987874763,-0.55904037
48.9640673929,2.3987874763,-0.55904037
48.9689612835,2.3987874763,-0.55904037
48.9738551741,2.3987874763,-0.55904037
48.9787490647,2.3987874763,-0.55904037
48.7389484253,2.4036813669,0.0877518
48.7438423159,2.4036813669,0.0877518
48.7487362065,2.4036813669,0.0877518
48.7536300971,2.4036813669,0.0877518
48.7585239877,2.4036813669,0.0877518
48.7634178783,2.4036813669,0.0877518
48.7683117689,2.4036813669,0.2101796
48.7732056595,2.4036813669,0.33754602
48.7780995501,2.4036813669,0.3463572
48.7829934407,2.4036813669,0.5043114
48.7878873313,2.4036813669,0.53749096
48.7927812219,2.4036813669,0.6501933
48.7976751125,2.4036813669,0.6787556
48.8025690031,2.4036813669,1.0900607
48.8074628937,2.4036813669,2.8885632
48.8123567843,2.4036813669,5.940252
48.8172506749,2.4036813669,9.8559265
48.8221445655,2.4036813669,13.331786
48.8270384561,2.4036813669,14.365445
48.8319323467,2.4036813669,13.815131
48.8368262373,2.4036813669,13.774733
48.8417201279,2.4036813669,15.6760645
48.8466140185,2.4036813669,15.8682575
48.8515079091,2.4036813669,11.764665
48.8564017997,2.4036813669,7.222864
48.8612956903,2.4036813669,4.7615733
48.8661895809,2.4036813669,4.9839163
48.8710834715,2.4036813669,3.9114263
48.8759773621,2.4036813669,4.102857
48.8808712527,2.4036813669,3.615763
48.8857651433,2.4036813669,2.350842
48.8906590339,2.4036813669,2.3457074
48.8955529245,2.4036813669,1.8945149
48.9004468151,2.4036813669,1.8047718
48.9053407057,2.4036813669,-0.103904314
48.9102345963,2.4036813669,-0.18005422
48.9151284869,2.4036813669,-0.2606756
48.9200223775,2.4036813669,-0.3951549
48.9249162681,2.4036813669,-0.53761744
48.9298101587,2.4036813669,-0.6421833
48.9347040493,2.4036813669,-0.66531944
48.9395979399,2.4036813669,-0.66531944
48.9444918305,2.4036813669,-0.5184188
48.9493857211,2.4036813669,-0.3927979
48.9542796117,2.4036813669,-0.42570752
48.9591735023,2.4036813669,-0.42570752
48.9640673929,2.4036813669,-0.42570752
48.9689612835,2.4036813669,-0.42570752
48.9738551741,2.4036813669,-0.42570752
48.9787490647,2.4036813669,-0.42570752
48.7389484253,2.4085752575,0.090742454
48.7438423159,2.4085752575,0.090742454
48.7487362065,2.4085752575,0.090742454
48.7536300971,2.4085752575,0.090742454
48.7585239877,2.4085752575,0.090742454
48.7634178783,2.4085752575,0.090742454
48.7683117689,2.4085752575,0.21317014
48.7732056595,2.4085752575,0.33754602
48.7780995501,2.4085752575,0.3463572
48.7829934407,2.4085752575,0.5043114
48.7878873313,2.4085752575,0.53749096
48.7927812219,2.4085752575,0.6501933
48.7976751125,2.4085752575,0.6787556
48.8025690031,2.4085752575,1.0900607
48.8074628937,2.4085752575,2.8885632
48.8123567843,2.4085752575,5.940252
48.8172506749,2.4085752575,10.516403
48.8221445655,2.4085752575,13.200799
48.8270384561,2.4085752575,13.436652
48.8319323467,2.4085752575,12.886334
48.8368262373,2.4085752575,12.845932
48.8417201279,2.4085752575,14.747268
48.8466140185,2.4085752575,14.939462
48.8515079091,2.4085752575,10.854712
48.8564017997,2.4085752575,7.2559257
48.8612956903,2.4085752575,4.9369936
48.8661895809,2.4085752575,5.1593366
48.8710834715,2.4085752575,4.0868464
48.8759773621,2.4085752575,4.278277
48.8808712527,2.4085752575,2.9705362
48.8857651433,2.4085752575,1.1611335
48.8906590339,2.4085752575,1.1559997
48.8955529245,2.4085752575,0.70480675
48.9004468151,2.4085752575,0.68843055
48.9053407057,2.4085752575,-0.26659313
48.9102345963,2.4085752575,-0.18005422
48.9151284869,2.4085752575,-0.2606756
48.9200223775,2.4085752575,-0.3951549
48.9249162681,2.4085752575,-0.53761744
48.9298101587,2.4085752575,-0.6421833
48.9347040493,2.4085752575,-0.66531944
48.9395979399,2.4085752575,-0.66531944
48.9444918305,2.4085752575,-0.5184188
48.9493857211,2.4085752575,-0.3927979
48.9542796117,2.4085752575,-0.42570752
48.9591735023,2.4085752575,-0.42570752
48.9640673929,2.4085752575,-0.42570752
48.9689612835,2.4085752575,-0.42570752
48.9738551741,2.4085752575,-0.42570752
48.9787490647,2.4085752575,-0.42570752
48.7389484253,2.4134691481,0.09079149
48.7438423159,2.4134691481,0.09079149
48.7487362065,2.4134691481,0.09079149
48.7536300971,2.4134691481,0.09079149
48.7585239877,2.4134691481,0.09079149
48.7634178783,2.4134691481,0.09079149
48.7683117689,2.4134691481,0.21321918
48.7732056595,2.4134691481,0.33759508
48.7780995501,2.4134691481,0.34640622
48.7829934407,2.4134691481,0.5043604
48.7878873313,2.4134691481,0.53753996
48.7927812219,2.4134691481,0.6502422
48.7976751125,2.4134691481,0.6788046
48.8025690031,2.4134691481,1.0901097
48.8074628937,2.4134691481,2.8886123
48.8123567843,2.4134691481,5.759355
48.8172506749,2.4134691481,11.098535
48.8221445655,2.4134691481,13.225147
48.8270384561,2.4134691481,12.414222
48.8319323467,2.4134691481,11.863904
48.8368262373,2.4134691481,11.823502
48.8417201279,2.4134691481,13.695569
48.8466140185,2.4134691481,13.88776
48.8515079091,2.4134691481,9.781994
48.8564017997,2.4134691481,6.1360993
48.8612956903,2.4134691481,5.0218716
48.8661895809,2.4134691481,5.244215
48.8710834715,2.4134691481,4.1105876
48.8759773621,2.4134691481,4.302018
48.8808712527,2.4134691481,2.6228104
48.8857651433,2.4134691481,0.8165574
48.8906590339,2.4134691481,0.58748066
48.8955529245,2.4134691481,0.13628893
48.9004468151,2.4134691481,0.11991327
48.9053407057,2.4134691481,-0.44717804
48.9102345963,2.4134691481,-0.22577286
48.9151284869,2.4134691481,-0.30639428
48.9200223775,2.4134691481,-0.44087365
48.9249162681,2.4134691481,-0.5833362
48.9298101587,2.4134691481,-0.6879021
48.9347040493,2.4134691481,-0.7110382
48.9395979399,2.4134691481,-0.7110382
48.9444918305,2.4134691481,-0.56413746
48.9493857211,2.4134691481,-0.4385166
48.9542796117,2.4134691481,-0.45468482
48.9591735023,2.4134691481,-0.45468482
48.9640673929,2.4134691481,-0.45468482
48.9689612835,2.4134691481,-0.45468482
48.9738551741,2.4134691481,-0.45468482
48.9787490647,2.4134691481,-0.45468482
48.7389484253,2.4183630387,-0.06679045
48.7438423159,2.4183630387,-0.06679045
48.7487362065,2.4183630387,-0.06679045
48.7536300971,2.4183630387,-0.06679045
48.7585239877,2.4183630387,-0.06679045
48.7634178783,2.4183630387,-0.06679045
48.7683117689,2.4183630387,0.05563714
48.7732056595,2.4183630387,0.18001305
48.7780995501,2.4183630387,0.1888242
48.7829934407,2.4183630387,0.34677824
48.7878873313,2.4183630387,0.37995782
48.7927812219,2.4183630387,0.49266008
48.7976751125,2.4183630387,0.52122253
48.8025690031,2.4183630387,0.9325276
48.8074628937,2.4183630387,2.7310295
48.8123567843,2.4183630387,5.712384
48.8172506749,2.4183630387,10.866688
48.8221445655,2.4183630387,12.188485
48.8270384561,2.4183630387,10.564599
48.8319323467,2.4183630387,9.590388
48.8368262373,2.4183630387,9.549985
48.8417201279,2.4183630387,11.422048
48.8466140185,2.4183630387,11.614242
48.8515079091,2.4183630387,6.931531
48.8564017997,2.4183630387,5.4424114
48.8612956903,2.4183630387,4.7277913
48.8661895809,2.4183630387,4.845115
48.8710834715,2.4183630387,3.28039
48.8759773621,2.4183630387,3.0121324
48.8808712527,2.4183630387,1.332924
48.8857651433,2.4183630387,0.21059477
48.8906590339,2.4183630387,0.23271064
48.8955529245,2.4183630387,-0.2297074
48.9004468151,2.4183630387,-0.16631791
48.9053407057,2.4183630387,-0.32559454
48.9102345963,2.4183630387,-0.10418936
48.9151284869,2.4183630387,-0.14421187
48.9200223775,2.4183630387,-0.27869114
48.9249162681,2.4183630387,-0.42115372
48.9298101587,2.4183630387,-0.47039017
48.9347040493,2.4183630387,-0.4935262
48.9395979399,2.4183630387,-0.4935262
48.9444918305,2.4183630387,-0.46926916
48.9493857211,2.4183630387,-0.43267095
48.9542796117,2.4183630387,-0.42956325
48.9591735023,2.4183630387,-0.42956325
48.9640673929,2.4183630387,-0.42956325
48.9689612835,2.4183630387,-0.42956325
48.9738551741,2.4183630387,-0.42956325
48.9787490647,2.4183630387,-0.42956325
48.7389484253,2.4232569293,-0.04062686
48.7438423159,2.4232569293,-0.04062686
48.7487362065,2.4232569293,-0.04062686
48.7536300971,2.4232569293,-0.04062686
48.7585239877,2.4232569293,-0.04062686
48.7634178783,2.4232569293,-0.04062686
48.7683117689,2.4232569293,0.081800744
48.7732056595,2.4232569293,0.20617658
48.7780995501,2.4232569293,0.21498784
48.7829934407,2.4232569293,0.37294185
48.7878873313,2.4232569293,0.40612152
48.7927812219,2.4232569293,0.51882356
48.7976751125,2.4232569293,0.5473858
48.8025690031,2.4232569293,0.9586912
48.8074628937,2.4232569293,2.7571936
48.8123567843,2.4232569293,6.806989
48.8172506749,2.4232569293,12.024437
48.8221445655,2.4232569293,12.587286
48.8270384561,2.4232569293,10.5962305
48.8319323467,2.4232569293,9.387368
48.8368262373,2.4232569293,8.291587
48.8417201279,2.4232569293,10.163648
48.8466140185,2.4232569293,10.196308
48.8515079091,2.4232569293,5.1780076
48.8564017997,2.4232569293,2.836243
48.8612956903,2.4232569293,1.9785945
48.8661895809,2.4232569293,1.7739618
48.8710834715,2.4232569293,0.43456614
48.8759773621,2.4232569293,0.4454909
48.8808712527,2.4232569293,0.26282364
48.8857651433,2.4232569293,-0.6713425
48.8906590339,2.4232569293,-0.58555555
48.8955529245,2.4232569293,-0.76117814
48.9004468151,2.4232569293,-0.6869311
48.9053407057,2.4232569293,-0.14457482
48.9102345963,2.4232569293,0.07683029
48.9151284869,2.4232569293,0.036807757
48.9200223775,2.4232569293,-0.09767147
48.9249162681,2.4232569293,-0.24013403
48.9298101587,2.4232569293,-0.28937048
48.9347040493,2.4232569293,-0.31250656
48.9395979399,2.4232569293,-0.31250656
48.9444918305,2.4232569293,-0.28824952
48.9493857211,2.4232569293,-0.2516513
48.9542796117,2.4232569293,-0.24854359
48.9591735023,2.4232569293,-0.24854359
48.9640673929,2.4232569293,-0.24854359
48.9689612835,2.4232569293,-0.24854359
48.9738551741,2.4232569293,-0.24854359
48.9787490647,2.4232569293,-0.24854359
48.7389484253,2.4281508199,-0.18612343
48.7438423159,2.4281508199,-0.18612343
48.7487362065,2.4281508199,-0.18612343
48.7536300971,2.4281508199,-0.18612343
48.7585239877,2.4281508199,-0.18612343
48.7634178783,2.4281508199,-0.18612343
48.7683117689,2.4281508199,-0.06369567
48.7732056595,2.4281508199,0.060680162
48.7780995501,2.4281508199,0.06949132
48.7829934407,2.4281508199,0.22744542
48.7878873313,2.4281508199,0.2606251
48.7927812219,2.4281508199,0.37332714
48.7976751125,2.4281508199,0.40188932
48.8025690031,2.4281508199,0.8131946
48.8074628937,2.4281508199,2.6116967
48.8123567843,2.4281508199,6.501887
48.8172506749,2.4281508199,11.846714
48.8221445655,2.4281508199,11.822667
48.8270384561,2.4281508199,9.889084
48.8319323467,2.4281508199,8.565027
48.8368262373,2.4281508199,7.3568196
48.8417201279,2.4281508199,9.1015005
48.8466140185,2.4281508199,9.13416
48.8515079091,2.4281508199,3.791137
48.8564017997,2.4281508199,1.8477863
48.8612956903,2.4281508199,1.2615522
48.8661895809,2.4281508199,1.2122638
48.8710834715,2.4281508199,0.053646896
48.8759773621,2.4281508199,0.22417782
48.8808712527,2.4281508199,-0.10451582
48.8857651433,2.4281508199,-0.93706214
48.8906590339,2.4281508199,-0.8969991
48.8955529245,2.4281508199,-1.0233018
48.9004468151,2.4281508199,-1.086098
48.9053407057,2.4281508199,-0.15970618
48.9102345963,2.4281508199,0.061698876
48.9151284869,2.4281508199,0.021676352
48.9200223775,2.4281508199,-0.1128028
48.9249162681,2.4281508199,-0.2552654
48.9298101587,2.4281508199,-0.30450183
48.9347040493,2.4281508199,-0.3276379
48.9395979399,2.4281508199,-0.3276379
48.9444918305,2.4281508199,-0.30338085
48.9493857211,2.4281508199,-0.26678264
48.9542796117,2.4281508199,-0.26367494
48.9591735023,2.4281508199,-0.26367494
48.9640673929,2.4281508199,-0.26367494
48.9689612835,2.4281508199,-0.26367494
48.9738551741,2.4281508199,-0.26367494
48.9787490647,2.4281508199,-0.26367494
48.7389484253,2.4330447105,-0.19266126
48.7438423159,2.4330447105,-0.19266126
48.7487362065,2.4330447105,-0.19266126
48.7536300971,2.4330447105,-0.19266126
48.7585239877,2.4330447105,-0.19266126
48.7634178783,2.4330447105,-0.19266126
48.7683117689,2.4330447105,-0.070233576
48.7732056595,2.4330447105,0.05414225
48.7780995501,2.4330447105,0.062953465
48.7829934407,2.4330447105,0.22090764
48.7878873313,2.4330447105,0.2540872
48.7927812219,2.4330447105,0.3667893
48.7976751125,2.4330447105,0.3953516
48.8025690031,2.4330447105,0.8066566
48.8074628937,2.4330447105,2.6051593
48.8123567843,2.4330447105,6.4953494
48.8172506749,2.4330447105,11.840177
48.8221445655,2.4330447105,11.81613
48.8270384561,2.4330447105,9.882546
48.8319323467,2.4330447105,8.55849
48.8368262373,2.4330447105,7.350282
48.8417201279,2.4330447105,9.094963
48.8466140185,2.4330447105,9.127623
48.8515079091,2.4330447105,3.4279602
48.8564017997,2.4330447105,1.4846075
48.8612956903,2.4330447105,0.94659746
48.8661895809,2.4330447105,0.9662872
48.8710834715,2.4330447105,-0.056831896
48.8759773621,2.4330447105,0.11369904
48.8808712527,2.4330447105,-0.2149944
48.8857651433,2.4330447105,-1.0475408
48.8906590339,2.4330447105,-1.0074778
48.8955529245,2.4330447105,-1.1337805
48.9004468151,2.4330447105,-1.1568573
48.9053407057,2.4330447105,-0.15970618
48.9102345963,2.4330447105,0.061698876
48.9151284869,2.4330447105,0.021676352
48.9200223775,2.4330447105,-0.1128028
48.9249162681,2.4330447105,-0.2552654
48.9298101587,2.4330447105,-0.30450183
48.9347040493,2.4330447105,-0.3276379
48.9395979399,2.4330447105,-0.3276379
48.9444918305,2.4330447105,-0.30338085
48.9493857211,2.4330447105,-0.26678264
48.9542796117,2.4330447105,-0.26367494
48.9591735023,2.4330447105,-0.26367494
48.9640673929,2.4330447105,-0.26367494
48.9689612835,2.4330447105,-0.26367494
48.9738551741,2.4330447105,-0.26367494
48.9787490647,2.4330447105,-0.26367494
48.7389484253,2.4379386011,-0.19266126
48.7438423159,2.4379386011,-0.19266126
48.7487362065,2.4379386011,-0.19266126
48.7536300971,2.4379386011,-0.19266126
48.7585239877,2.4379386011,-0.19266126
48.7634178783,2.4379386011,-0.19266126
48.7683117689,2.4379386011,-0.070233576
48.7732056595,2.4379386011,0.05414225
48.7780995501,2.4379386011,0.062953465
48.7829934407,2.4379386011,0.22090764
48.7878873313,2.4379386011,0.2540872
48.7927812219,2.4379386011,0.3667893
48.7976751125,2.4379386011,0.3953516
48.8025690031,2.4379386011,0.8066566
48.8074628937,2.4379386011,2.6051593
48.8123567843,2.4379386011,6.572232
48.8172506749,2.4379386011,11.917059
48.8221445655,2.4379386011,11.893011
48.8270384561,2.4379386011,9.959428
48.8319323467,2.4379386011,8.635372
48.8368262373,2.4379386011,7.427164
48.8417201279,2.4379386011,9.094963
48.8466140185,2.4379386011,9.127623
48.8515079091,2.4379386011,3.4279602
48.8564017997,2.4379386011,1.4846075
48.8612956903,2.4379386011,0.94659746
48.8661895809,2.4379386011,0.9662872
48.8710834715,2.4379386011,-0.056831896
48.8759773621,2.4379386011,0.11369904
48.8808712527,2.4379386011,-0.2149944
48.8857651433,2.4379386011,-1.0475408
48.8906590339,2.4379386011,-1.0074778
48.8955529245,2.4379386011,-1.1337805
48.9004468151,2.4379386011,-1.1568573
48.9053407057,2.4379386011,-0.15970618
48.9102345963,2.4379386011,0.061698876
48.9151284869,2.4379386011,0.021676352
48.9200223775,2.4379386011,-0.1128028
48.9249162681,2.4379386011,-0.2552654
48.9298101587,2.4379386011,-0.30450183
48.9347040493,2.4379386011,-0.3276379
48.9395979399,2.4379386011,-0.3276379
48.9444918305,2.4379386011,-0.30338085
48.9493857211,2.4379386011,-0.26678264
48.9542796117,2.4379386011,-0.26367494
48.9591735023,2.4379386011,-0.26367494
48.9640673929,2.4379386011,-0.26367494
48.9689612835,2.4379386011,-0.26367494
48.9738551741,2.4379386011,-0.26367494
48.9787490647,2.4379386011,-0.26367494
48.7389484253,2.4428324917,-0.121654525
48.7438423159,2.4428324917,-0.121654525
48.7487362065,2.4428324917,-0.121654525
48.7536300971,2.4428324917,-0.121654525
48.7585239877,2.4428324917,-0.121654525
48.7634178783,2.4428324917,-0.121654525
48.7683117689,2.4428324917,0.0007731955
48.7732056595,2.4428324917,0.12514907
48.7780995501,2.4428324917,0.13396028
48.7829934407,2.4428324917,0.29191446
48.7878873313,2.4428324917,0.32509404
48.7927812219,2.4428324917,0.4377961
48.7976751125,2.4428324917,0.46635836
48.8025690031,2.4428324917,0.8776634
48.8074628937,2.4428324917,2.6761658
48.8123567843,2.4428324917,6.65741
48.8172506749,2.4428324917,12.002237
48.8221445655,2.4428324917,11.964829
48.8270384561,2.4428324917,10.031246
48.8319323467,2.4428324917,8.638913
48.8368262373,2.4428324917,7.430705
48.8417201279,2.4428324917,9.026687
48.8466140185,2.4428324917,9.059346
48.8515079091,2.4428324917,3.3596838
48.8564017997,2.4428324917,1.4163307
48.8612956903,2.4428324917,0.918254
48.8661895809,2.4428324917,0.93794346
48.8710834715,2.4428324917,-0.085175484
48.8759773621,2.4428324917,0.08535497
48.8808712527,2.4428324917,-0.2433379
48.8857651433,2.4428324917,-1.0475408
48.8906590339,2.4428324917,-1.0074778
48.8955529245,2.4428324917,-1.1337805
48.9004468151,2.4428324917,-1.1568573
48.9053407057,2.4428324917,-0.15970618
48.9102345963,2.4428324917,0.061698876
48.9151284869,2.4428324917,0.021676352
48.9200223775,2.4428324917,-0.1128028
48.9249162681,2.4428324917,-0.2552654
48.9298101587,2.4428324917,-0.30450183
48.9347040493,2.4428324917,-0.3276379
48.9395979399,2.4428324917,-0.3276379
48.9444918305,2.4428324917,-0.30338085
48.9493857211,2.4428324917,-0.26678264
48.9542796117,2.4428324917,-0.26367494
48.9591735023,2.4428324917,-0.26367494
48.9640673929,2.4428324917,-0.26367494
48.9689612835,2.4428324917,-0.26367494
48.9738551741,2.4428324917,-0.26367494
48.9787490647,2.4428324917,-0.26367494
48.7389484253,2.4477263823,-0.121654525
48.7438423159,2.4477263823,-0.121654525
48.7487362065,2.4477263823,-0.121654525
48.7536300971,2.4477263823,-0.121654525
48.7585239877,2.4477263823,-0.121654525
48.7634178783,2.4477263823,-0.121654525
48.7683117689,2.4477263823,0.0007731955
48.7732056595,2.4477263823,0.12514907
48.7780995501,2.4477263823,0.13396028
48.7829934407,2.4477263823,0.29191446
48.7878873313,2.4477263823,0.32509404
48.7927812219,2.4477263823,0.4377961
48.7976751125,2.4477263823,0.46635836
48.8025690031,2.4477263823,0.8776634
48.8074628937,2.4477263823,2.6761658
48.8123567843,2.4477263823,7.6197476
48.8172506749,2.4477263823,12.774473
48.8221445655,2.4477263823,12.063915
48.8270384561,2.4477263823,10.031246
48.8319323467,2.4477263823,8.675959
48.8368262373,2.4477263823,7.089668
48.8417201279,2.4477263823,8.685649
48.8466140185,2.4477263823,8.616207
48.8515079091,2.4477263823,2.916546
48.8564017997,2.4477263823,0.973194
48.8612956903,2.4477263823,0.47511607
48.8661895809,2.4477263823,0.5507555
48.8710834715,2.4477263823,-0.47236323
48.8759773621,2.4477263823,-0.3018329
48.8808712527,2.4477263823,-0.63052624
48.8857651433,2.4477263823,-1.0936911
48.8906590339,2.4477263823,-1.0536284
48.8955529245,2.4477263823,-1.1337805
48.9004468151,2.4477263823,-1.1568573
48.9053407057,2.4477263823,-0.15970618
48.9102345963,2.4477263823,0.061698876
48.9151284869,2.4477263823,0.021676352
48.9200223775,2.4477263823,-0.1128028
48.9249162681,2.4477263823,-0.2552654
48.9298101587,2.4477263823,-0.30450183
48.9347040493,2.4477263823,-0.3276379
48.9395979399,2.4477263823,-0.3276379
48.9444918305,2.4477263823,-0.30338085
48.9493857211,2.4477263823,-0.26678264
48.9542796117,2.4477263823,-0.26367494
48.9591735023,2.4477263823,-0.26367494
48.9640673929,2.4477263823,-0.26367494
48.9689612835,2.4477263823,-0.26367494
48.9738551741,2.4477263823,-0.26367494
48.9787490647,2.4477263823,-0.26367494
48.7389484253,2.4526202729,0.5479997
48.7438423159,2.4526202729,0.5479997
48.7487362065,2.4526202729,0.5479997
48.7536300971,2.4526202729,0.5479997
48.7585239877,2.4526202729,0.5479997
48.7634178783,2.4526202729,0.5479997
48.7683117689,2.4526202729,0.6704279
48.7732056595,2.4526202729,0.79480374
48.7780995501,2.4526202729,0.80361485
48.7829934407,2.4526202729,0.961569
48.7878873313,2.4526202729,0.9947487
48.7927812219,2.4526202729,1.1074508
48.7976751125,2.4526202729,1.1360132
48.8025690031,2.4526202729,1.547318
48.8074628937,2.4526202729,3.3734841
48.8123567843,2.4526202729,11.722874
48.8172506749,2.4526202729,20.813694
48.8221445655,2.4526202729,19.438883
48.8270384561,2.4526202729,13.790773
48.8319323467,2.4526202729,10.39107
48.8368262373,2.4526202729,6.777285
48.8417201279,2.4526202729,8.088189
48.8466140185,2.4526202729,8.018747
48.8515079091,2.4526202729,2.462743
48.8564017997,2.4526202729,1.0310915
48.8612956903,2.4526202729,0.533014
48.8661895809,2.4526202729,0.60865307
48.8710834715,2.4526202729,-0.38072234
48.8759773621,2.4526202729,-0.21019189
48.8808712527,2.4526202729,-0.9161959
48.8857651433,2.4526202729,-1.3123022
48.8906590339,2.4526202729,-1.2722396
48.8955529245,2.4526202729,-1.3523917
48.9004468151,2.4526202729,-1.3754684
48.9053407057,2.4526202729,-0.27629867
48.9102345963,2.4526202729,-0.054893423
48.9151284869,2.4526202729,-0.09491603
48.9200223775,2.4526202729,-0.15169819
48.9249162681,2.4526202729,-0.265175
48.9298101587,2.4526202729,-0.3144115
48.9347040493,2.4526202729,-0.33754748
48.9395979399,2.4526202729,-0.33754748
48.9444918305,2.4526202729,-0.31329048
48.9493857211,2.4526202729,-0.2766922
48.9542796117,2.4526202729,-0.27358454
48.9591735023,2.4526202729,-0.27358454
48.9640673929,2.4526202729,-0.27358454
48.9689612835,2.4526202729,-0.27358454
48.9738551741,2.4526202729,-0.27358454
48.9787490647,2.4526202729,-0.27358454
48.7389484253,2.4575141635,0.5649507
48.7438423159,2.4575141635,0.5649507
48.7487362065,2.4575141635,0.5649507
48.7536300971,2.4575141635,0.5649507
48.7585239877,2.4575141635,0.5649507
48.7634178783,2.4575141635,0.5649507
48.7683117689,2.4575141635,0.6873789
48.7732056595,2.4575141635,0.8117549
48.7780995501,2.4575141635,0.820566
48.7829934407,2.4575141635,0.97852015
48.7878873313,2.4575141635,1.0116997
48.7927812219,2.4575141635,1.1244018
48.7976751125,2.4575141635,1.152964
48.8025690031,2.4575141635,1.564269
48.8074628937,2.4575141635,3.390435
48.8123567843,2.4575141635,12.394816
48.8172506749,2.4575141635,34.95821
48.8221445655,2.4575141635,35.883213
48.8270384561,2.4575141635,24.822123
48.8319323467,2.4575141635,15.67106
48.8368262373,2.4575141635,7.650517
48.8417201279,2.4575141635,8.146314
48.8466140185,2.4575141635,8.076872
48.8515079091,2.4575141635,2.5784853
48.8564017997,2.4575141635,1.1468337
48.8612956903,2.4575141635,0.64875615
48.8661895809,2.4575141635,0.7243952
48.8710834715,2.4575141635,-0.32633728
48.8759773621,2.4575141635,-0.2213778
48.8808712527,2.4575141635,-0.9273817
48.8857651433,2.4575141635,-1.3234878
48.8906590339,2.4575141635,-1.2834255
48.8955529245,2.4575141635,-1.3608806
48.9004468151,2.4575141635,-1.3227656
48.9053407057,2.4575141635,-0.28602418
48.9102345963,2.4575141635,-0.064618975
48.9151284869,2.4575141635,-0.104641475
48.9200223775,2.4575141635,-0.1614237
48.9249162681,2.4575141635,-0.26108387
48.9298101587,2.4575141635,-0.31032032
48.9347040493,2.4575141635,-0.3334563
48.9395979399,2.4575141635,-0.3334563
48.9444918305,2.4575141635,-0.3091993
48.9493857211,2.4575141635,-0.27260107
48.9542796117,2.4575141635,-0.26949343
48.9591735023,2.4575141635,-0.26949343
48.9640673929,2.4575141635,-0.26949343
48.9689612835,2.4575141635,-0.26949343
48.9738551741,2.4575141635,-0.26949343
48.9787490647,2.4575141635,-0.26949343
48.7389484253,2.4624080541,0.5601462
48.7438423159,2.4624080541,0.5601462
48.7487362065,2.4624080541,0.5601462
48.7536300971,2.4624080541,0.5601462
48.7585239877,2.4624080541,0.5601462
48.7634178783,2.4624080541,0.5601462
48.7683117689,2.4624080541,0.6825742
48.7732056595,2.4624080541,0.8069503
48.7780995501,2.4624080541,0.8157614
48.7829934407,2.4624080541,0.9737155
48.7878873313,2.4624080541,1.0068951
48.7927812219,2.4624080541,1.0702007
48.7976751125,2.4624080541,1.0987628
48.8025690031,2.4624080541,1.5100678
48.8074628937,2.4624080541,3.2360551
48.8123567843,2.4624080541,12.240436
48.8172506749,2.4624080541,35.433674
48.8221445655,2.4624080541,38.27637
48.8270384561,2.4624080541,27.69952
48.8319323467,2.4624080541,18.48015
48.8368262373,2.4624080541,8.763423
48.8417201279,2.4624080541,8.078079
48.8466140185,2.4624080541,7.964403
48.8515079091,2.4624080541,2.5784853
48.8564017997,2.4624080541,1.1468337
48.8612956903,2.4624080541,0.64875615
48.8661895809,2.4624080541,0.7243952
48.8710834715,2.4624080541,-0.32633728
48.8759773621,2.4624080541,-0.2213778
48.8808712527,2.4624080541,-0.9273817
48.8857651433,2.4624080541,-1.3234878
48.8906590339,2.4624080541,-1.2834255
48.8955529245,2.4624080541,-1.3608806
48.9004468151,2.4624080541,-1.3227656
48.9053407057,2.4624080541,-0.28602418
48.9102345963,2.4624080541,-0.064618975
48.9151284869,2.4624080541,-0.104641475
48.9200223775,2.4624080541,-0.1614237
48.9249162681,2.4624080541,-0.26108387
48.9298101587,2.4624080541,-0.31032032
48.9347040493,2.4624080541,-0.3334563
48.9395979399,2.4624080541,-0.3334563
48.9444918305,2.4624080541,-0.3091993
48.9493857211,2.4624080541,-0.27260107
48.9542796117,2.4624080541,-0.26949343
48.9591735023,2.4624080541,-0.26949343
48.9640673929,2.4624080541,-0.26949343
48.9689612835,2.4624080541,-0.26949343
48.9738551741,2.4624080541,-0.26949343
48.9787490647,2.4624080541,-0.26949343
48.7389484253,2.4673019447,0.5545859
48.7438423159,2.4673019447,0.5545859
48.7487362065,2.4673019447,0.5545859
48.7536300971,2.4673019447,0.5545859
48.7585239877,2.4673019447,0.5545859
48.7634178783,2.4673019447,0.5545859
48.7683117689,2.4673019447,0.67701393
48.7732056595,2.4673019447,0.7038729
48.7780995501,2.4673019447,0.7126841
48.7829934407,2.4673019447,0.87063813
48.7878873313,2.4673019447,0.90381783
48.7927812219,2.4673019447,0.92788213
48.7976751125,2.4673019447,0.8604001
48.8025690031,2.4673019447,1.1192275
48.8074628937,2.4673019447,2.3037574
48.8123567843,2.4673019447,10.628866
48.8172506749,2.4673019447,38.46978
48.8221445655,2.4673019447,43.129467
48.8270384561,2.4673019447,32.976353
48.8319323467,2.4673019447,23.75698
48.8368262373,2.4673019447,13.378847
48.8417201279,2.4673019447,7.957511
48.8466140185,2.4673019447,7.8438373
48.8515079091,2.4673019447,2.4723902
48.8564017997,2.4673019447,1.0188632
48.8612956903,2.4673019447,0.52078545
48.8661895809,2.4673019447,0.31427887
48.8710834715,2.4673019447,-0.38193285
48.8759773621,2.4673019447,-0.3420475
48.8808712527,2.4673019447,-1.0480521
48.8857651433,2.4673019447,-1.5137117
48.8906590339,2.4673019447,-1.4508989
48.8955529245,2.4673019447,-1.3201982
48.9004468151,2.4673019447,-1.2850204
48.9053407057,2.4673019447,-0.30170506
48.9102345963,2.4673019447,-0.03677519
48.9151284869,2.4673019447,-0.0767978
48.9200223775,2.4673019447,-0.13357988
48.9249162681,2.4673019447,-0.22352669
48.9298101587,2.4673019447,-0.23095892
48.9347040493,2.4673019447,-0.254095
48.9395979399,2.4673019447,-0.254095
48.9444918305,2.4673019447,-0.254095
48.9493857211,2.4673019447,-0.24061859
48.9542796117,2.4673019447,-0.24061859
48.9591735023,2.4673019447,-0.24061859
48.9640673929,2.4673019447,-0.24061859
48.9689612835,2.4673019447,-0.24061859
48.9738551741,2.4673019447,-0.24061859
48.9787490647,2.4673019447,-0.24061859
